[
 {
	"title": "小米MI 小米9 超广角微距三摄 8GB+128GB 深空灰 全网通 双卡双待",
	"bigimg": "https://gfs17.gomein.net.cn/T1LfAgBXD_1RCvBVdK_210.jpg",
	"imglist": ["https://gfs17.gomein.net.cn/T1LfAgBXD_1RCvBVdK_30.jpg", "https://gfs17.gomein.net.cn/T1pMWsBKDT1RCvBVdK_30.jpg", "https://gfs17.gomein.net.cn/T10u__BCLv1RCvBVdK_30.jpg", "https://gfs17.gomein.net.cn/T1qVKsBjdv1RCvBVdK_30.jpg"],
	"price": 3299.00,
	"tex": " 索尼4800万超广角微距三摄，骁龙855旗舰处理器，前置光学指纹识别！    【指定型号领券立减300元】   查看规则       ",
	"shop": "小米官方旗舰店",
	"juan": null
},{
	"title": "小米MI 小米Play 暮光金 6GB+128GB 全网通 双卡双待",
	"bigimg": "https://gfs17.gomein.net.cn/T1MRhgBvYv1RCvBVdK_210.jpg",
	"imglist": ["https://gfs17.gomein.net.cn/T1BUxgBQdv1RCvBVdK_30.jpg", "https://gfs17.gomein.net.cn/T1ubEgBvLT1RCvBVdK_30.jpg", "https://gfs17.gomein.net.cn/T1MRhgBvYv1RCvBVdK_30.jpg"],
	"price": 1299.00,
	"tex": "   5.84’’水滴屏，高颜值流光渐变色，后置1200万AI双摄    【指定型号领券立减300元】   查看规则 \t        ",
	"shop": "小米官方旗舰店",
	"juan": null
}, {
	"title": "小米9 SE 4800万超广角三摄 骁龙712  6GB+128GB 全息幻彩蓝 全网通 双卡双待",
	"bigimg": "https://gfs17.gomein.net.cn/T1ycYQBgd_1RCvBVdK_210.jpg",
	"imglist": ["https://gfs17.gomein.net.cn/T1ycYQBgd_1RCvBVdK_30.jpg", "https://gfs17.gomein.net.cn/T1.K_jB5Cj1RCvBVdK_30.jpg", "https://gfs17.gomein.net.cn/T1.m_QB_Jg1RCvBVdK_30.jpg"],
	"price": 1799.00,
	"tex": "   4800万超广角三摄 骁龙712 水滴全面屏&nbsp;    【指定型号领券立减300元】   查看规则 \t        ",
	"shop": "小米官方旗舰店",
	"juan": null
}, {
	"title": "小米MI 小米9 超广角微距三摄 8GB+128GB 全息幻彩蓝 全网通 双卡双待",
	"bigimg": "https://gfs17.gomein.net.cn/T10u__BCLv1RCvBVdK_210.jpg",
	"imglist": ["https://gfs17.gomein.net.cn/T10u__BCLv1RCvBVdK_30.jpg", "https://gfs17.gomein.net.cn/T1pMWsBKDT1RCvBVdK_30.jpg", "https://gfs17.gomein.net.cn/T1qVKsBjdv1RCvBVdK_30.jpg", "https://gfs17.gomein.net.cn/T1LfAgBXD_1RCvBVdK_30.jpg"],
	"price": 3299,
	"tex": "   索尼4800万超广角微距三摄，骁龙855旗舰处理器，前置光学指纹识别！    【指定型号领券立减300元】   查看规则 \t        ",
	"shop": "小米官方旗舰店",
	"juan": null
}, {
	"title": "小米MI 小米9 超广角微距三摄 8GB+128GB 全息幻彩紫 全网通 双卡双待",
	"bigimg": "https://gfs17.gomein.net.cn/T1qVKsBjdv1RCvBVdK_210.jpg",
	"imglist": ["https://gfs17.gomein.net.cn/T1qVKsBjdv1RCvBVdK_30.jpg", "https://gfs17.gomein.net.cn/T1pMWsBKDT1RCvBVdK_30.jpg", "https://gfs17.gomein.net.cn/T10u__BCLv1RCvBVdK_30.jpg", "https://gfs17.gomein.net.cn/T1LfAgBXD_1RCvBVdK_30.jpg"],
	"price": 3299,
	"tex": "   索尼4800万超广角微距三摄，骁龙855旗舰处理器，前置光学指纹识别！    【指定型号领券立减300元】   查看规则 \t        ",
	"shop": "小米官方旗舰店",
	"juan": null
}, {
	"title": "小米9 SE 4800万超广角三摄 骁龙712  6GB+128GB 全息幻彩紫 全网通 双卡双待",
	"bigimg": "https://gfs17.gomein.net.cn/T1.m_QB_Jg1RCvBVdK_210.jpg",
	"imglist": ["https://gfs17.gomein.net.cn/T1.m_QB_Jg1RCvBVdK_30.jpg", "https://gfs17.gomein.net.cn/T1.K_jB5Cj1RCvBVdK_30.jpg", "https://gfs17.gomein.net.cn/T1ycYQBgd_1RCvBVdK_30.jpg"],
	"price": 1799,
	"tex": " 4800万超广角三摄 骁龙712 水滴全面屏&nbsp;    【指定型号领券立减300元】   查看规则 \t        ",
	"shop": "小米官方旗舰店",
	"juan": null
}, {
	"title": "MI手机Redmi 7 幻彩渐变AI双摄 4GB+64GB 亮黑 全网通 双卡双待",
	"bigimg": "https://gfs17.gomein.net.cn/T1kKhQB5Dv1RCvBVdK_210.jpg",
	"imglist": ["https://gfs17.gomein.net.cn/T1kKhQB5Dv1RCvBVdK_30.jpg", "https://gfs17.gomein.net.cn/T1VMbbBjdv1RCvBVdK_30.jpg", "https://gfs17.gomein.net.cn/T1M1J_Byxv1RCvBVdK_30.jpg"],
	"price": 899,
	"tex": "\t            \t            4000mAh大电量，骁龙632处理器，1200万AI双摄，整机P2i生活防泼溅    【指定型号领券立减300元】   查看规则 \t        ",
	"shop": "小米官方旗舰店",
	"juan": null
}, {
	"title": "小米MI 小米9 超广角微距三摄 8GB+256GB 透明 全网通 双卡双待",
	"bigimg": "https://gfs17.gomein.net.cn/T1pMWsBKDT1RCvBVdK_210.jpg",
	"imglist": ["https://gfs17.gomein.net.cn/T1pMWsBKDT1RCvBVdK_30.jpg", "https://gfs17.gomein.net.cn/T10u__BCLv1RCvBVdK_30.jpg", "https://gfs17.gomein.net.cn/T1qVKsBjdv1RCvBVdK_30.jpg", "https://gfs17.gomein.net.cn/T1LfAgBXD_1RCvBVdK_30.jpg"],
	"price": 3699,
	"tex": "\t            \t            索尼4800万超广角微距三摄，骁龙855旗舰处理器，前置光学指纹识别！    【指定型号领券立减300元】   查看规则 \t        ",
	"shop": "小米官方旗舰店",
	"juan": "券500减10"
}, {
	"title": "小米9 SE 4800万超广角三摄 骁龙712  6GB+128GB 深空灰 全网通 双卡双待",
	"bigimg": "https://gfs17.gomein.net.cn/T1.K_jB5Cj1RCvBVdK_210.jpg",
	"imglist": ["https://gfs17.gomein.net.cn/T1.K_jB5Cj1RCvBVdK_30.jpg", "https://gfs17.gomein.net.cn/T1ycYQBgd_1RCvBVdK_30.jpg", "https://gfs17.gomein.net.cn/T1.m_QB_Jg1RCvBVdK_30.jpg"],
	"price": 1799,
	"tex": " 4800万超广角三摄 骁龙712 水滴全面屏&nbsp;    【指定型号领券立减300元】   查看规则 \t        ",
	"shop": "小米官方旗舰店",
	"juan": null
}, {
	"title": "MI手机Redmi 7 幻彩渐变AI双摄 4GB+64GB 梦幻蓝 全网通 双卡双待",
	"bigimg": "https://gfs17.gomein.net.cn/T1M1J_Byxv1RCvBVdK_210.jpg",
	"imglist": ["https://gfs17.gomein.net.cn/T1M1J_Byxv1RCvBVdK_30.jpg", "https://gfs17.gomein.net.cn/T1kKhQB5Dv1RCvBVdK_30.jpg", "https://gfs17.gomein.net.cn/T1VMbbBjdv1RCvBVdK_30.jpg"],
	"price": 899,
	"tex": "  4000mAh大电量，骁龙632处理器，1200万AI双摄，整机P2i生活防泼溅    【指定型号领券立减300元】   查看规则 \t        ",
	"shop": "小米官方旗舰店",
	"juan": null
}, {
	"title": "小米 红米Redmi K20 4800万超广角三摄 8GB+256GB 碳纤黑 全网通4G 双卡双待",
	"bigimg": "https://gfs17.gomein.net.cn/T1y9WsB5J_1RCvBVdK_210.jpg",
	"imglist": ["https://gfs17.gomein.net.cn/T1y9WsB5J_1RCvBVdK_30.jpg", "https://gfs17.gomein.net.cn/T1rSWvB5EQ1RCvBVdK_30.jpg", "https://gfs17.gomein.net.cn/T1KcA_Bbb_1RCvBVdK_30.jpg"],
	"price": 2599,
	"tex": "\t            \t            Redmik20系列旗舰新品， 4800万超广角三摄    【指定型号领券立减300元】   查看规则 \t        ",
	"shop": "小米官方旗舰店",
	"juan": null
}, {
	"title": "小米MI 小米CC9 美颜拍照 6GB+128GB蓝 全网通4G 双卡双待",
	"bigimg": "https://gfs17.gomein.net.cn/T1OjLsBmDv1RCvBVdK_210.jpg",
	"imglist": ["https://gfs17.gomein.net.cn/T1OjLsBmDv1RCvBVdK_30.jpg", "https://gfs17.gomein.net.cn/T1xnxsBXZv1RCvBVdK_30.jpg", "https://gfs17.gomein.net.cn/T1anZsBXZv1RCvBVdK_30.jpg"],
	"price": 1999,
	"tex": "\t            \t            3200w+4800W前后双C位相机，多彩梦幻外观，潮流风向标    【指定型号领券立减300元】   查看规则 \t        ",
	"shop": null,
	"juan": "券500减10"
}, {
	"title": "MI手机Redmi 7 幻彩渐变AI双摄 4GB+64GB 魅夜红 全网通 双卡双待",
	"bigimg": "https://gfs17.gomein.net.cn/T1VMbbBjdv1RCvBVdK_210.jpg",
	"imglist": ["https://gfs17.gomein.net.cn/T1VMbbBjdv1RCvBVdK_30.jpg", "https://gfs17.gomein.net.cn/T1kKhQB5Dv1RCvBVdK_30.jpg", "https://gfs17.gomein.net.cn/T1M1J_Byxv1RCvBVdK_30.jpg"],
	"price": 899,
	"tex": "\t            \t            4000mAh大电量，骁龙632处理器，1200万AI双摄，整机P2i生活防泼溅    【指定型号领券立减300元】   查看规则 \t        ",
	"shop": "小米官方旗舰店",
	"juan": null
}, {
	"title": "小米MI Redmi Note7 Pro幻彩渐变AI双摄 6GB+128GB 暮光金 全网通 双卡双待",
	"bigimg": "https://gfs17.gomein.net.cn/T1AzbXBTxv1RCvBVdK_210.jpg",
	"imglist": ["https://gfs17.gomein.net.cn/T1AzbXBTxv1RCvBVdK_30.jpg", "https://gfs17.gomein.net.cn/T1ezKXB7__1RCvBVdK_30.jpg", "https://gfs17.gomein.net.cn/T1EHEXBCDT1RCvBVdK_30.jpg", "https://gfs17.gomein.net.cn/T1FzVXBXVT1RCvBVdK_30.jpg"],
	"price": 1399,
	"tex": "\t            \t            4800万拍照千元机，品质小金刚，满血骁龙660处理器，4000mAh大电量！    【指定型号领券立减300元】   查看规则 \t        ",
	"shop": "小米官方旗舰店",
	"juan": null
}, {
	"title": "小米MI 小米CC9 美颜拍照 6GB+64GB白 全网通4G 双卡双待",
	"bigimg": "https://gfs17.gomein.net.cn/T1anZsBXZv1RCvBVdK_210.jpg",
	"imglist": ["https://gfs17.gomein.net.cn/T1anZsBXZv1RCvBVdK_30.jpg", "https://gfs17.gomein.net.cn/T1xnxsBXZv1RCvBVdK_30.jpg", "https://gfs17.gomein.net.cn/T1UfZsB5Av1RCvBVdK_30.jpg"],
	"price": 1799,
	"tex": "\t            \t            3200w+4800W前后双C位相机，多彩梦幻外观，潮流风向标    【指定型号领券立减300元】   查看规则 \t        ",
	"shop": null,
	"juan": "券500减10"
}, {
	"title": "小米MI Redmi Note7 Pro幻彩渐变AI双摄 6GB+128GB 亮黑  全网通 双卡双待",
	"bigimg": "https://gfs17.gomein.net.cn/T1ezKXB7__1RCvBVdK_210.jpg",
	"imglist": ["https://gfs17.gomein.net.cn/T1ezKXB7__1RCvBVdK_30.jpg", "https://gfs17.gomein.net.cn/T1EHEXBCDT1RCvBVdK_30.jpg", "https://gfs17.gomein.net.cn/T1AzbXBTxv1RCvBVdK_30.jpg", "https://gfs17.gomein.net.cn/T1FzVXBXVT1RCvBVdK_30.jpg"],
	"price": 1399,
	"tex": "\t            \t            4800万拍照千元机，品质小金刚，满血骁龙660处理器，4000mAh大电量！    【指定型号领券立减300元】   查看规则 \t        ",
	"shop": "小米官方旗舰店",
	"juan": "返利"
}, {
	"title": "小米MI 小米CC9e 美颜拍照 6GB+64GB蓝(深蓝星球) 全网通4G 双卡双待",
	"bigimg": "https://gfs17.gomein.net.cn/T1jyKXBvZT1RCvBVdK_210.jpg",
	"imglist": ["https://gfs17.gomein.net.cn/T1jyKXBvZT1RCvBVdK_30.jpg", "https://gfs17.gomein.net.cn/T1RRCXBbDT1RCvBVdK_30.jpg", "https://gfs17.gomein.net.cn/T1NyYXBXAv1RCvBVdK_30.jpg"],
	"price": 1399,
	"tex": "\t            \t            第七代屏幕指纹识别，骁龙665，130mAh超长续航，红外遥控    【指定型号领券立减300元】   查看规则 \t        ",
	"shop": null,
	"juan": "券500减10"
}, {
	"title": "小米MI 小米CC9 美颜拍照 6GB+128GB深空灰 全网通4G 双卡双待",
	"bigimg": "https://gfs17.gomein.net.cn/T1GqJsB_AT1RCvBVdK_210.jpg",
	"imglist": ["https://gfs17.gomein.net.cn/T1GqJsB_AT1RCvBVdK_30.jpg", "https://gfs17.gomein.net.cn/T1UfZsB5Av1RCvBVdK_30.jpg", "https://gfs17.gomein.net.cn/T1anZsBXZv1RCvBVdK_30.jpg"],
	"price": 1999,
	"tex": "\t            \t            3200w+4800W前后双C位相机，多彩梦幻外观，潮流风向标    【指定型号领券立减300元】   查看规则 \t        ",
	"shop": null,
	"juan": "券500减10"
}, {
	"title": "小米MI 小米CC9e 美颜拍照 6GB+64GB白(白色恋人) 全网通4G 双卡双待",
	"bigimg": "https://gfs17.gomein.net.cn/T1RRCXBbDT1RCvBVdK_210.jpg",
	"imglist": ["https://gfs17.gomein.net.cn/T1RRCXBbDT1RCvBVdK_30.jpg", "https://gfs17.gomein.net.cn/T1NyYXBXAv1RCvBVdK_30.jpg", "https://gfs17.gomein.net.cn/T1jyKXBvZT1RCvBVdK_30.jpg"],
	"price": 1399,
	"tex": "\t            \t            第七代屏幕指纹识别，骁龙665，130mAh超长续航，红外遥控    【指定型号领券立减300元】   查看规则 \t        ",
	"shop": null,
	"juan": "券500减10"
}, {
	"title": "小米MI Redmi Note7 Pro幻彩渐变AI双摄 6GB+128GB 梦幻蓝  全网通 双卡双待",
	"bigimg": "https://gfs17.gomein.net.cn/T1EHEXBCDT1RCvBVdK_210.jpg",
	"imglist": ["https://gfs17.gomein.net.cn/T1EHEXBCDT1RCvBVdK_30.jpg", "https://gfs17.gomein.net.cn/T1ezKXB7__1RCvBVdK_30.jpg", "https://gfs17.gomein.net.cn/T1AzbXBTxv1RCvBVdK_30.jpg", "https://gfs17.gomein.net.cn/T1FzVXBXVT1RCvBVdK_30.jpg"],
	"price": 1399,
	"tex": "\t            \t            4800万拍照千元机，品质小金刚，满血骁龙660处理器，4000mAh大电量！    【指定型号领券立减300元】   查看规则 \t        ",
	"shop": "小米官方旗舰店",
	"juan": "返利"
}, {
	"title": "小米 红米Redmi K20 4800万超广角三摄 8GB+256GB 冰川蓝 全网通4G 双卡双待",
	"bigimg": "https://gfs17.gomein.net.cn/T1KcA_Bbb_1RCvBVdK_210.jpg",
	"imglist": ["https://gfs17.gomein.net.cn/T1KcA_Bbb_1RCvBVdK_30.jpg", "https://gfs17.gomein.net.cn/T1rSWvB5EQ1RCvBVdK_30.jpg", "https://gfs17.gomein.net.cn/T1y9WsB5J_1RCvBVdK_30.jpg"],
	"price": 2599,
	"tex": "\t            \t            Redmik20系列旗舰新品， 4800万超广角三摄    【指定型号领券立减300元】   查看规则 \t        ",
	"shop": "小米官方旗舰店",
	"juan": "券500减10"
}, {
	"title": "小米 红米Redmi K20 4800万超广角三摄 8GB+256GB 火焰红 全网通4G 双卡双待",
	"bigimg": "https://gfs17.gomein.net.cn/T1rSWvB5EQ1RCvBVdK_210.jpg",
	"imglist": ["https://gfs17.gomein.net.cn/T1rSWvB5EQ1RCvBVdK_30.jpg", "https://gfs17.gomein.net.cn/T1KcA_Bbb_1RCvBVdK_30.jpg", "https://gfs17.gomein.net.cn/T1y9WsB5J_1RCvBVdK_30.jpg"],
	"price": 2599,
	"tex": "\t            \t            Redmik20系列旗舰新品， 4800万超广角三摄    【指定型号领券立减300元】   查看规则 \t        ",
	"shop": "小米官方旗舰店",
	"juan": "券500减10"
}, {
	"title": "小米 红米Redmi 7A AI美颜 2GB+32GB 磨砂黑 全网通4G 双卡双待",
	"bigimg": "https://gfs17.gomein.net.cn/T1HwCsByD_1RCvBVdK_210.jpg",
	"imglist": ["https://gfs17.gomein.net.cn/T1HwCsByD_1RCvBVdK_30.jpg", "https://gfs17.gomein.net.cn/T1xXDXBjVv1RCvBVdK_30.jpg", "https://gfs17.gomein.net.cn/T1ZuZsBgLv1RCvBVdK_30.jpg"],
	"price": 599,
	"tex": "\t            \t            AI美颜，4000mAh大电量,骁龙8核处理器    【指定型号领券立减300元】   查看规则 \t        ",
	"shop": null,
	"juan": "券500减10"
}, {
	"title": "小米 红米Redmi 7A AI美颜 2GB+32GB 晨曦蓝 全网通4G 双卡双待",
	"bigimg": "https://gfs17.gomein.net.cn/T1ZuZsBgLv1RCvBVdK_210.jpg",
	"imglist": ["https://gfs17.gomein.net.cn/T1ZuZsBgLv1RCvBVdK_30.jpg", "https://gfs17.gomein.net.cn/T1xXDXBjVv1RCvBVdK_30.jpg", "https://gfs17.gomein.net.cn/T1HwCsByD_1RCvBVdK_30.jpg"],
	"price": 599,
	"tex": "\t            \t            AI美颜，4000mAh大电量,骁龙8核处理器    【指定型号领券立减300元】   查看规则 \t        ",
	"shop": null,
	"juan": "券500减10"
}, {
	"title": "小米MI 小米6X 前后2000万 6GB+64GB 曜石黑 全网通 双卡双待",
	"bigimg": "https://gfs17.gomein.net.cn/T1VlVQBTDv1RCvBVdK_210.jpg",
	"imglist": ["https://gfs17.gomein.net.cn/T1VlVQBTDv1RCvBVdK_30.jpg"],
	"price": 1299,
	"tex": "\t            \t            前后2000万，拍人更美，骁龙660 AIE处理器    【指定型号领券立减300元】   查看规则 \t        ",
	"shop": "小米官方旗舰店",
	"juan": "返利"
}, {
	"title": "小米MI Redmi Note7 幻彩渐变AI双摄 4GB+128GB 亮黑  全网通 双卡双待",
	"bigimg": "https://gfs17.gomein.net.cn/T1OJWbB5J_1RCvBVdK_210.jpg",
	"imglist": ["https://gfs17.gomein.net.cn/T1OJWbB5J_1RCvBVdK_30.jpg", "https://gfs17.gomein.net.cn/T1KgJsB_Av1RCvBVdK_30.jpg", "https://gfs17.gomein.net.cn/T1fidsB5Vv1RCvBVdK_30.jpg"],
	"price": 1199,
	"tex": "\t            \t            4800万拍照千元机，品质小金刚，满血骁龙660处理器，4000mAh大电量！    【指定型号领券立减300元】   查看规则 \t        ",
	"shop": "小米官方旗舰店",
	"juan": null
}, {
	"title": "小米(MI)小米8 屏幕指纹版 全面屏拍照游戏智能手机 移动联通电信4G手机 双卡双待(黑色 全网通6GB+128GB)",
	"bigimg": "https://gfs17.gomein.net.cn/T1.eLbByAT1RCvBVdK_210.jpg",
	"imglist": ["https://gfs17.gomein.net.cn/T1.eLbByAT1RCvBVdK_30.jpg", "https://gfs17.gomein.net.cn/T1eYdjBjJv1RCvBVdK_30.jpg", "https://gfs17.gomein.net.cn/T1hFxjBbET1RCvBVdK_30.jpg"],
	"price": 1788,
	"tex": "\t            \t            【服务】新增超值服务——屏幕保障险，29元起【活动】每天前50名下单客户即送品质耳机【物流】全新国行！质量保障！顺丰配送 免运费【服务】7天无理由退货，每个ID限购一台，详见购买须知\t        ",
	"shop": "利和手机专营店",
	"juan": "券999-5"
}, {
	"title": "小米（MI） 红米Redmi 红米note7 小金刚 手机(梦幻蓝 全网通6GB+64GB)",
	"bigimg": "https://gfs17.gomein.net.cn/T16nZQBKD_1RCvBVdK_210.jpg",
	"imglist": ["https://gfs17.gomein.net.cn/T16nZQBKD_1RCvBVdK_30.jpg", "https://gfs17.gomein.net.cn/T19jhQB7xv1RCvBVdK_30.jpg", "https://gfs17.gomein.net.cn/T1XU_sBKDT1RCvBVdK_30.jpg"],
	"price": 1128,
	"tex": "\t            \t            【服务】新增超值服务——屏幕保障险，29元起【物流】全新国行！质量保障！顺丰配送 免运费【服务】7天无理由退货，每个ID限购一台，详见购买须知\t        ",
	"shop": "利和手机专营店",
	"juan": "券999-5"
}, {
	"title": "小米MI 小米CC9e 美颜拍照 6GB+64GB深空灰（暗夜王子） 全网通4G 双卡双待",
	"bigimg": "https://gfs17.gomein.net.cn/T1NyYXBXAv1RCvBVdK_210.jpg",
	"imglist": ["https://gfs17.gomein.net.cn/T1NyYXBXAv1RCvBVdK_30.jpg", "https://gfs17.gomein.net.cn/T1RRCXBbDT1RCvBVdK_30.jpg", "https://gfs17.gomein.net.cn/T1jyKXBvZT1RCvBVdK_30.jpg"],
	"price": 1399,
	"tex": "\t            \t            第七代屏幕指纹识别，骁龙665，130mAh超长续航，红外遥控    【指定型号领券立减300元】   查看规则 \t        ",
	"shop": null,
	"juan": "券500减10"
}, {
	"title": "小米(MI)红米Redmi 红米 Note7Pro 手机(亮黑色 全网通6GB+128GB)(亮黑色 官方标配)",
	"bigimg": "https://gfs17.gomein.net.cn/T1MPxvBy_s1RCvBVdK_210.jpg",
	"imglist": ["https://gfs17.gomein.net.cn/T1MPxvBy_s1RCvBVdK_30.jpg"],
	"price": 1288,
	"tex": "\t            \t            【物流】全新国行！质量保障！购买前请咨询具体颜色和内存是否有库存！！！！！！【服务】每个ID限购一台，详见买前须知\t        ",
	"shop": "盛仕手机专营店",
	"juan": "券1029-10"
}, {
	"title": "小米(MI)小米9 骁龙855 双卡双待 水滴全面屏拍照游戏智能手机(透明版 全网通 8GB+256GB)",
	"bigimg": "https://gfs17.gomein.net.cn/T1YsYbB_hT1RCvBVdK_210.jpg",
	"imglist": ["https://gfs17.gomein.net.cn/T1YsYbB_hT1RCvBVdK_30.jpg", "https://gfs17.gomein.net.cn/T1X4KsBsbT1RCvBVdK_30.jpg", "https://gfs17.gomein.net.cn/T1dUC_B5h_1RCvBVdK_30.jpg", "https://gfs17.gomein.net.cn/T1xEDgB_JT1RCvBVdK_30.jpg", "https://gfs17.gomein.net.cn/T1hqVQBKJ_1RCvBVdK_30.jpg"],
	"price": 3268,
	"tex": "\t            \t            【服务】新增超值服务——屏幕保障险，29元起【物流】全新国行！质量保障！顺丰配送 免运费【服务】7天无理由退货，每个ID限购一台，详见购买须知\t        ",
	"shop": "利和手机专营店",
	"juan": "券2999-10"
}, {
	"title": "小米(MI) 小米CC9 手机(全网通6GB+128GB) 手机(暗夜王子 官方标配)",
	"bigimg": "https://gfs17.gomein.net.cn/T1aaLXBQET1RCvBVdK_210.jpg",
	"imglist": ["https://gfs17.gomein.net.cn/T1aaLXBQET1RCvBVdK_30.jpg", "https://gfs17.gomein.net.cn/T1tyWXB7VT1RCvBVdK_30.jpg", "https://gfs17.gomein.net.cn/T15tVXBjLv1RCvBVdK_30.jpg"],
	"price": 1769,
	"tex": "",
	"shop": "盛仕手机专营店",
	"juan": "券1029-10"
}, {
	"title": "小米(MI)红米K20 Pro 手机(碳纤黑 全网通 8GB+256GB)",
	"bigimg": "https://gfs17.gomein.net.cn/T1GebvBmYQ1RCvBVdK_210.jpg",
	"imglist": ["https://gfs17.gomein.net.cn/T1GqCbBXd_1RCvBVdK_30.jpg", "https://gfs17.gomein.net.cn/T1gIKsBmdT1RCvBVdK_30.jpg", "https://gfs17.gomein.net.cn/T1GebvBmYQ1RCvBVdK_30.jpg"],
	"price": 2908,
	"tex": "\t            \t            【服务】新增超值服务——屏幕保障险，29元起【物流】全新国行！质量保障！顺丰配送 免运费【服务】7天无理由退货，每个ID限购一台，详见购买须知\t        ",
	"shop": "利和手机专营店",
	"juan": "券2999-10"
}, {
	"title": "小米9 xiaomi新品三摄 全网通4G 双卡双待 水滴全面屏拍照游戏智能手机(蓝色 6GB+128GB)",
	"bigimg": "https://gfs17.gomein.net.cn/T1BkAsBsEv1RCvBVdK_210.jpg",
	"imglist": ["https://gfs17.gomein.net.cn/T1BkAsBsEv1RCvBVdK_30.jpg", "https://gfs17.gomein.net.cn/T16JWjB4A_1RCvBVdK_30.jpg", "https://gfs17.gomein.net.cn/T1cVWQBTKv1RCvBVdK_30.jpg"],
	"price": 2899,
	"tex": "\t            \t            【活动】产品为特殊新品，售出如无质量问题概不支持退换【物流】新发布产品，下单后5天内发出！质量保障！ 顺丰配送 免运费【活动】下单即送品质耳机手机支架【服务】详见购买须知！\t        ",
	"shop": "优机库手机专营店",
	"juan": "券2000-30"
}, {
	"title": "小米(MI) 小米CC9 手机(仙女色 全网通 8GB+256GB)",
	"bigimg": "https://gfs17.gomein.net.cn/T1JqJsBCLT1RCvBVdK_210.jpg",
	"imglist": ["https://gfs17.gomein.net.cn/T1JqJsBCLT1RCvBVdK_30.jpg", "https://gfs17.gomein.net.cn/T1bsJsBXWT1RCvBVdK_30.jpg", "https://gfs17.gomein.net.cn/T1YqJsB5ZT1RCvBVdK_30.jpg", "https://gfs17.gomein.net.cn/T19rVsB7Dv1RCvBVdK_30.jpg"],
	"price": 2318,
	"tex": "",
	"shop": "利和手机专营店",
	"juan": "券2999-10"
}, {
	"title": "小米（MI） play 手机(全网通6GB+64GB)(暮光金 官方标配)",
	"bigimg": "https://gfs17.gomein.net.cn/T1laZXBsCT1RCvBVdK_210.jpg",
	"imglist": ["https://gfs17.gomein.net.cn/T1laZXBsCT1RCvBVdK_30.jpg", "https://gfs17.gomein.net.cn/T1CyKXBTV_1RCvBVdK_30.jpg", "https://gfs17.gomein.net.cn/T1EaCXBbZ_1RCvBVdK_30.jpg"],
	"price": 899,
	"tex": "",
	"shop": "盛仕手机专营店",
	"juan": "券999-6"
}, {
	"title": "小米 MIX3 全网通4G 磁动力滑盖全面屏 全面屏拍照游戏智能 移动联通电信手机 双卡双待(黑色 官方标配)",
	"bigimg": "https://gfs17.gomein.net.cn/T18sVsB7Lv1RCvBVdK_210.jpg",
	"imglist": ["https://gfs17.gomein.net.cn/T18sVsB7Lv1RCvBVdK_30.jpg"],
	"price": 2698,
	"tex": "",
	"shop": "仕伟手机专营店",
	"juan": null
}, {
	"title": "小米 红米Note7 Pro 手机(黑色 6GB+128GB)",
	"bigimg": "https://gfs17.gomein.net.cn/T1RfxsBvd_1RCvBVdK_210.jpg",
	"imglist": ["https://gfs17.gomein.net.cn/T1RfxsBvd_1RCvBVdK_30.jpg", "https://gfs17.gomein.net.cn/T1kGxbByW_1RCvBVdK_30.jpg", "https://gfs17.gomein.net.cn/T1RiZsB4W_1RCvBVdK_30.jpg"],
	"price": 1399,
	"tex": "",
	"shop": "优机库手机专营店",
	"juan": "券1599-20"
}, {
	"title": "小米（MI）红米6A 移动联通电信4G手机 双卡双待(流沙金 全网通 3GB+32GB)",
	"bigimg": "https://gfs17.gomein.net.cn/T1msCvBbAT1RCvBVdK_210.jpg",
	"imglist": ["https://gfs17.gomein.net.cn/T1msCvBbAT1RCvBVdK_30.jpg", "https://gfs17.gomein.net.cn/T1jbAgBsAT1RCvBVdK_30.jpg", "https://gfs17.gomein.net.cn/T1xJKjBb_T1RCvBVdK_30.jpg", "https://gfs17.gomein.net.cn/T1XmbQBXWT1RCvBVdK_30.jpg"],
	"price": 588,
	"tex": "\t            \t            【服务】新增超值服务——屏幕保障险，29元起【物流】全新国行！质量保障！顺丰配送 免运费【服务】7天无理由退货，每个ID限购一台，详见购买须知\t        ",
	"shop": "利和手机专营店",
	"juan": "券999-5"
}, {
	"title": "小米 红米7 手机  全网通 4G+64G(魅夜红 官方标配)",
	"bigimg": "https://gfs17.gomein.net.cn/T1dohgBjA_1RCvBVdK_210.jpg",
	"imglist": ["https://gfs17.gomein.net.cn/T1dohgBjA_1RCvBVdK_30.jpg", "https://gfs17.gomein.net.cn/T1fPCjBXxQ1RCvBVdK_30.jpg", "https://gfs17.gomein.net.cn/T1xixjBbC_1RCvBVdK_30.jpg"],
	"price": 816,
	"tex": "\t            \t            【物流】全新国行！质量保障！购买前请咨询具体颜色和内存是否有库存！！！！！！【服务】每个ID限购一台，详见买前须知\t        ",
	"shop": "盛仕手机专营店",
	"juan": "券999-6"
}, {
	"title": "小米(MI)红米Redmi 红米 Note7Pro 手机(暮光金 全网通6GB+128GB)",
	"bigimg": "https://img.gomein.net.cn/images/grey.gif",
	"imglist": ["https://img.gomein.net.cn/images/grey.gif", "https://img.gomein.net.cn/images/grey.gif", "https://img.gomein.net.cn/images/grey.gif"],
	"price": 1298,
	"tex": "\t            \t            【服务】新增超值服务——屏幕保障险，29元起【物流】全新国行！质量保障！顺丰配送 免运费【服务】7天无理由退货，每个ID限购一台，详见购买须知\t        ",
	"shop": "利和手机专营店",
	"juan": null
}, {
	"title": "小米(MI)红米 K20 手机(冰川蓝 全网通 6GB+64GB)",
	"bigimg": "https://img.gomein.net.cn/images/grey.gif",
	"imglist": ["https://img.gomein.net.cn/images/grey.gif", "https://img.gomein.net.cn/images/grey.gif", "https://img.gomein.net.cn/images/grey.gif"],
	"price": 1708,
	"tex": "\t            \t            【服务】新增超值服务——屏幕保障险，29元起【物流】全新国行！质量保障！顺丰配送 免运费【服务】7天无理由退货，每个ID限购一台，详见购买须知\t        ",
	"shop": "利和手机专营店",
	"juan": null
}, {
	"title": "小米(MI)小米CC9e 手机(全网通6GB+128GB)(白色恋人)",
	"bigimg": "https://img.gomein.net.cn/images/grey.gif",
	"imglist": ["https://img.gomein.net.cn/images/grey.gif", "https://img.gomein.net.cn/images/grey.gif", "https://img.gomein.net.cn/images/grey.gif"],
	"price": 1446,
	"tex": "",
	"shop": "盛仕手机专营店",
	"juan": null
}, {
	"title": "小米 (MI) 红米 7 移动联通电信全网通4G手机 小水滴全面屏拍照游戏智能手机(梦幻蓝 官方标配)",
	"bigimg": "https://img.gomein.net.cn/images/grey.gif",
	"imglist": ["https://img.gomein.net.cn/images/grey.gif", "https://img.gomein.net.cn/images/grey.gif"],
	"price": 948,
	"tex": "",
	"shop": "仕伟手机专营店",
	"juan": null
}, {
	"title": "小米MIX2 全面屏 全陶瓷  移动全网通4G手机 双卡双待 安卓智能游戏拍照音乐手机(陶瓷黑 官方标配)",
	"bigimg": "https://img.gomein.net.cn/images/grey.gif",
	"imglist": ["https://img.gomein.net.cn/images/grey.gif"],
	"price": 1698,
	"tex": "",
	"shop": "仕伟手机专营店",
	"juan": null
}, {
	"title": "小米(MI)红米Redmi 红米 Note7Pro 手机(全网通6GB+128GB)(暮光金 官方标配)",
	"bigimg": "https://img.gomein.net.cn/images/grey.gif",
	"imglist": ["https://img.gomein.net.cn/images/grey.gif", "https://img.gomein.net.cn/images/grey.gif", "https://img.gomein.net.cn/images/grey.gif"],
	"price": 1288.00,
	"tex": "\t            \t            【物流】全新国行！质量保障！购买前请咨询具体颜色和内存是否有库存！！！！！！【服务】每个ID限购一台，详见买前须知\t        ",
	"shop": "盛仕手机专营店",
	"juan": null
}, {
	"title": "小米6X 全网通版 移动联通电信4G手机 双卡双待 智能手机(赤焰红 6GB+64GB)",
	"bigimg": "https://img.gomein.net.cn/images/grey.gif",
	"imglist": ["https://img.gomein.net.cn/images/grey.gif", "https://img.gomein.net.cn/images/grey.gif"],
	"price": 955,
	"tex": "\t            \t            【活动】注意！店铺每日前3名下单 送10000毫安充电宝更多优惠点击进入【物流】新品现货！质量保障！ 顺丰配送 免运费【活动】下单即送品质耳机手机支架【服务】详见购买须知！\t        ",
	"shop": "优机库手机专营店",
	"juan": null
}, {
	"title": "Xiaomi/小米 小米6  全网通4G电信联通移动 变焦双摄安卓智能音乐拍照手机骁龙835游戏手机(陶瓷黑 官方标配)",
	"bigimg": "https://img.gomein.net.cn/images/grey.gif",
	"imglist": ["https://img.gomein.net.cn/images/grey.gif"],
	"price": 1798,
	"tex": "",
	"shop": "仕伟手机专营店",
	"juan": null
},
 {
	"title": "Xiaomi/小米（mi） Mix2S  陶瓷版 移动联通电信4G全网通 安卓智能游戏音乐拍照手机(陶瓷白 官方标配)",
	"bigimg": "https://gfs17.gomein.net.cn/T131_sB5Ev1RCvBVdK_210.jpg",
	"imglist": ["https://gfs17.gomein.net.cn/T131_sB5Ev1RCvBVdK_30.jpg", "https://gfs17.gomein.net.cn/T1_lKsB5Ev1RCvBVdK_30.jpg"],
	"price": 2096,
	"tex": "",
	"shop": "仕伟手机专营店",
	"juan": null
}, {
	"title": "小米（MI）小米8青春版 镜面渐变 AI双摄 全面屏拍照游戏智能手机(深空灰 全网通6GB+128GB)",
	"bigimg": "https://gfs17.gomein.net.cn/T1PGAjBKYv1RCvBVdK_210.jpg",
	"imglist": ["https://gfs17.gomein.net.cn/T1PGAjBKYv1RCvBVdK_30.jpg", "https://gfs17.gomein.net.cn/T1.YbgBTCv1RCvBVdK_30.jpg", "https://gfs17.gomein.net.cn/T1UILgBydv1RCvBVdK_30.jpg"],
	"price": 1188,
	"tex": "\t            \t            【服务】新增超值服务——屏幕保障险，29元起【活动】每天前50名下单客户即送品质耳机【物流】全新国行！质量保障！顺丰配送 免运费【服务】7天无理由退货，每个ID限购一台，详见购买须知\t        ",
	"shop": "利和手机专营店",
	"juan": "券999-5"
}, {
	"title": "小米（MI） play 手机(梦幻蓝 全网通 4GB+64GB)",
	"bigimg": "https://gfs17.gomein.net.cn/T1RuC_B4Z_1RCvBVdK_210.jpg",
	"imglist": ["https://gfs17.gomein.net.cn/T1RuC_B4Z_1RCvBVdK_30.jpg", "https://gfs17.gomein.net.cn/T1q1WgB_Zv1RCvBVdK_30.jpg", "https://gfs17.gomein.net.cn/T1cPYjB4V_1RCvBVdK_30.jpg"],
	"price": 758,
	"tex": "\t            \t            【服务】新增超值服务——屏幕保障险，29元起【物流】全新国行！质量保障！顺丰配送 免运费【服务】7天无理由退货，每个ID限购一台，详见购买须知\t        ",
	"shop": "利和手机专营店",
	"juan": "券999-5"
}, {
	"title": "小米 note2 曲面屏指纹识别手机 双卡双待 全网通4G手机 安卓智能游戏音乐手机(银色 官方标配)",
	"bigimg": "https://gfs17.gomein.net.cn/T1DrCsBvdv1RCvBVdK_210.jpg",
	"imglist": ["https://gfs17.gomein.net.cn/T1DrCsBvdv1RCvBVdK_30.jpg", "https://gfs17.gomein.net.cn/T1.1WsBXZT1RCvBVdK_30.jpg"],
	"price": 1398,
	"tex": "",
	"shop": "仕伟手机专营店",
	"juan": null
}, {
	"title": "小米（MI）小米8SE  全网通4G手机  全 面屏游戏手机  双卡双待(深灰 全网通6GB+64GB)",
	"bigimg": "https://gfs17.gomein.net.cn/T1PjW_BvDT1RCvBVdK_210.jpg",
	"imglist": ["https://gfs17.gomein.net.cn/T1PjW_BvDT1RCvBVdK_30.jpg", "https://gfs17.gomein.net.cn/T1QcdQB4VT1RCvBVdK_30.jpg", "https://gfs17.gomein.net.cn/T1gRVbBvCT1RCvBVdK_30.jpg", "https://gfs17.gomein.net.cn/T1CBVvBj_T1RCvBVdK_30.jpg"],
	"price": 1298,
	"tex": "\t            \t            【服务】新增超值服务——屏幕保障险，29元起【活动】每天前50名下单客户即送品质耳机【物流】全新国行！质量保障！顺丰配送 免运费【服务】7天无理由退货，每个ID限购一台，详见购买须知\t        ",
	"shop": "利和手机专营店",
	"juan": "券999-5"
}, {
	"title": "小米 (MI) 红米 7 移动联通电信全网通4G手机 小水滴全面屏拍照游戏智能手机(梦幻蓝 官方标配)",
	"bigimg": "https://gfs17.gomein.net.cn/T1eXVXB7YT1RCvBVdK_210.jpg",
	"imglist": ["https://gfs17.gomein.net.cn/T1eXVXB7YT1RCvBVdK_30.jpg", "https://gfs17.gomein.net.cn/T1LNCXBmWv1RCvBVdK_30.jpg"],
	"price": 948,
	"tex": "",
	"shop": "仕伟手机专营店",
	"juan": null
}, {
	"title": "红米5 Plus 5.99英寸大屏 4+64G 双卡 移动4G+/全网通4G 指纹识别(浅蓝色)",
	"bigimg": "https://gfs17.gomein.net.cn/T1hVJXB5dv1RCvBVdK_210.jpg",
	"imglist": ["https://gfs17.gomein.net.cn/T1hVJXB5dv1RCvBVdK_30.jpg", "https://gfs17.gomein.net.cn/T1eZhXBsZT1RCvBVdK_30.jpg", "https://gfs17.gomein.net.cn/T1nCJXB4_v1RCvBVdK_30.jpg"],
	"price": 948,
	"tex": "",
	"shop": "仕伟手机专营店",
	"juan": null
}, {
	"title": "小米(MI) 小米CC9 手机(全网通 8GB+256GB)(仙女色)",
	"bigimg": "https://gfs17.gomein.net.cn/T1VdKsBKA_1RCvBVdK_210.jpg",
	"imglist": ["https://gfs17.gomein.net.cn/T1VdKsBKA_1RCvBVdK_30.jpg"],
	"price": 2306,
	"tex": "",
	"shop": "盛仕手机专营店",
	"juan": "券1029-10"
}, {
	"title": "小米（MI）红米6 全网通移动联通电信4G手机 双卡双待(流沙金 全网通 3GB+32GB)",
	"bigimg": "https://gfs17.gomein.net.cn/T1WJd_B_AT1RCvBVdK_210.jpg",
	"imglist": ["https://gfs17.gomein.net.cn/T1WJd_B_AT1RCvBVdK_30.jpg", "https://gfs17.gomein.net.cn/T1eKZjByZv1RCvBVdK_30.jpg", "https://gfs17.gomein.net.cn/T1BaWgB_hT1RCvBVdK_30.jpg", "https://gfs17.gomein.net.cn/T17xYgBKLT1RCvBVdK_30.jpg"],
	"price": 628,
	"tex": "\t            \t            【服务】新增超值服务——屏幕保障险，29元起【活动】每天前50名下单客户即送品质耳机【物流】全新国行！质量保障！顺丰配送 免运费【服务】7天无理由退货，每个ID限购一台，详见购买须知\t        ",
	"shop": "利和手机专营店",
	"juan": "券999-5"
}, {
	"title": "小米(MI)小米9SE 水滴全面屏 游戏智能拍照手机(全网通6GB+64GB)(幻彩蓝 官方标配)",
	"bigimg": "https://gfs17.gomein.net.cn/T1agAjBgDj1RCvBVdK_210.jpg",
	"imglist": ["https://gfs17.gomein.net.cn/T1agAjBgDj1RCvBVdK_30.jpg", "https://gfs17.gomein.net.cn/T1UMVjBQDQ1RCvBVdK_30.jpg", "https://gfs17.gomein.net.cn/T1qLZ_BQY_1RCvBVdK_30.jpg"],
	"price": 1729,
	"tex": "\t            \t            【物流】全新国行！质量保障！购买前请咨询具体颜色和内存是否有库存！！！！！！【服务】每个ID限购一台，详见买前须知\t        ",
	"shop": "盛仕手机专营店",
	"juan": "券1029-10"
}, {
	"title": "小米(MI) 小米8SE 全网通4G版  全面屏游戏智能手机 移动联通电信4G 安卓智能手机(金色 官方标配)",
	"bigimg": "https://gfs17.gomein.net.cn/T15WAsB7Ev1RCvBVdK_210.jpg",
	"imglist": ["https://gfs17.gomein.net.cn/T15WAsB7Ev1RCvBVdK_30.jpg", "https://gfs17.gomein.net.cn/T1JThvB7CQ1RCvBVdK_30.jpg"],
	"price": 1799,
	"tex": "",
	"shop": "仕伟手机专营店",
	"juan": null
}, {
	"title": "小米(MI)红米K20 Pro 手机( 全网通 6GB+128GB)(火焰红 官方标配)",
	"bigimg": "https://gfs17.gomein.net.cn/T1LvAsBbbT1RCvBVdK_210.jpg",
	"imglist": ["https://gfs17.gomein.net.cn/T1LvAsBbbT1RCvBVdK_30.jpg", "https://gfs17.gomein.net.cn/T1lGLsBsxT1RCvBVdK_30.jpg", "https://gfs17.gomein.net.cn/T1LGVsB_dv1RCvBVdK_30.jpg"],
	"price": 2399,
	"tex": "",
	"shop": "盛仕手机专营店",
	"juan": "券1029-10"
}, {
	"title": "小米（MI）红米Note4X 移动联通电信全网4G手机 长续航 大电池 音乐游戏智能手机(黑色 官方标配)",
	"bigimg": "https://gfs17.gomein.net.cn/T1O9LsB4dv1RCvBVdK_210.jpg",
	"imglist": ["https://img.gomein.net.cn/images/grey.gif"],
	"price": 1048,
	"tex": "",
	"shop": "仕伟手机专营店",
	"juan": null
}, {
	"title": "小米（MI）Max3 6.9英寸巨无霸级屏幕 5500mAh充电宝级大电量 移动联通电信4G手机 双卡双待(梦幻金 全网通6GB+128GB)",
	"bigimg": "https://gfs17.gomein.net.cn/T1f3ZbB4JT1RCvBVdK_210.jpg",
	"imglist": ["https://img.gomein.net.cn/images/grey.gif", "https://img.gomein.net.cn/images/grey.gif", "https://img.gomein.net.cn/images/grey.gif"],
	"price": 1418,
	"tex": "\t            \t            【服务】新增超值服务——屏幕保障险，29元起【活动】每天前50名下单客户即送品质耳机【物流】全新国行！质量保障！顺丰配送 免运费【服务】7天无理由退货，每个ID限购一台，详见购买须知\t        ",
	"shop": "利和手机专营店",
	"juan": "券999-5"
}, {
	"title": "小米MI 小米MIX3 滑盖全面屏 8GB+128GB 黑色 全网通 双卡双待(黑色 官方标配)",
	"bigimg": "https://gfs17.gomein.net.cn/T1K3LgBvCv1RCvBVdK_210.jpg",
	"imglist": ["https://img.gomein.net.cn/images/grey.gif"],
	"price": 2599,
	"tex": "\t            \t            【物流】全新国行！质量保障！购买前请咨询具体颜色和内存是否有库存！！！！！！【服务】每个ID限购一台，详见买前须知\t        ",
	"shop": "盛仕手机专营店",
	"juan": "券1029-10"
}, {
	"title": "Xiaomi/小米  红米Note 7 移动联通电信全网通4G手机 小水滴全面屏拍照 安卓智能手机(梦幻蓝 官方标配)",
	"bigimg": "https://gfs17.gomein.net.cn/T1mkKXBTCT1RCvBVdK_210.jpg",
	"imglist": ["https://img.gomein.net.cn/images/grey.gif", "https://img.gomein.net.cn/images/grey.gif", "https://img.gomein.net.cn/images/grey.gif", "https://img.gomein.net.cn/images/grey.gif"],
	"price": 1178,
	"tex": "",
	"shop": "仕伟手机专营店",
	"juan": null
}, {
	"title": "小米(MI)小米9SE 水滴全面屏 游戏智能拍照手机(深空灰 全网通6GB+128GB)",
	"bigimg": "https://gfs17.gomein.net.cn/T1FIWjB_d_1RCvBVdK_210.jpg",
	"imglist": ["https://gfs17.gomein.net.cn/T1FIWjB_d_1RCvBVdK_30.jpg", "https://gfs17.gomein.net.cn/T1SZAQBXL_1RCvBVdK_30.jpg", "https://gfs17.gomein.net.cn/T1zWYQB7Lv1RCvBVdK_30.jpg"],
	"price": 1768,
	"tex": "\t            \t            【服务】新增超值服务——屏幕保障险，29元起【物流】全新国行！质量保障！顺丰配送 免运费【服务】7天无理由退货，每个ID限购一台，详见购买须知\t        ",
	"shop": "利和手机专营店",
	"juan": "券999-5"
}, {
	"title": "小米（MI）小米6X 移动联通电信4G手机 双卡双待 智能手机 全网通6GB+64GB(粉色 官方标配)",
	"bigimg": "https://gfs17.gomein.net.cn/T18wJQB_Z_1RCvBVdK_210.jpg",
	"imglist": ["https://gfs17.gomein.net.cn/T18wJQB_Z_1RCvBVdK_30.jpg", "https://gfs17.gomein.net.cn/T1JshjBKC_1RCvBVdK_30.jpg", "https://gfs17.gomein.net.cn/T1qsCjBvKv1RCvBVdK_30.jpg", "https://gfs17.gomein.net.cn/T1tvKbBTxv1RCvBVdK_30.jpg", "https://gfs17.gomein.net.cn/T1h0VQB5Wv1RCvBVdK_30.jpg"],
	"price": 949,
	"tex": "\t            \t            【物流】全新国行！质量保障！购买前请咨询具体颜色和内存是否有库存！！！！！！【服务】每个ID限购一台，详见买前须知\t        ",
	"shop": "盛仕手机专营店",
	"juan": "券999-6"
}, {
	"title": "小米（MI）小米8青春版 镜面渐变 AI双摄 全面屏拍照游戏智能手机(全网通6GB+64GB)(深空灰 官方标配)",
	"bigimg": "https://gfs17.gomein.net.cn/T1yw_bBbZv1RCvBVdK_210.jpg",
	"imglist": ["https://gfs17.gomein.net.cn/T1yw_bBbZv1RCvBVdK_30.jpg"],
	"price": 1066,
	"tex": "\t            \t            【物流】全新国行！质量保障！购买前请咨询具体颜色和内存是否有库存！！！！！！【服务】每个ID限购一台，详见买前须知\t        ",
	"shop": "盛仕手机专营店",
	"juan": "券1029-10"
}, {
	"title": "小米(MI)小米8 屏幕指纹版 全面屏拍照游戏智能手机 移动联通电信4G手机 双卡双待(暮光金 全网通 8GB+128G(官方标配)",
	"bigimg": "https://gfs17.gomein.net.cn/T1NJJgBvZv1RCvBVdK_210.jpg",
	"imglist": ["https://gfs17.gomein.net.cn/T1NJJgBvZv1RCvBVdK_30.jpg"],
	"price": 2676,
	"tex": "\t            \t            【物流】全新国行！质量保障！购买前请咨询具体颜色和内存是否有库存！！！！！！【服务】每个ID限购一台，详见买前须知\t        ",
	"shop": "盛仕手机专营店",
	"juan": "券1029-10"
}, {
	"title": "小米(MI)小米CC9e 手机(全网通 4GB+64GB)(暗夜王子)",
	"bigimg": "https://gfs17.gomein.net.cn/T1qaCXB7AT1RCvBVdK_210.jpg",
	"imglist": ["https://gfs17.gomein.net.cn/T1qaCXB7AT1RCvBVdK_30.jpg", "https://gfs17.gomein.net.cn/T1GyYXBQYT1RCvBVdK_30.jpg", "https://gfs17.gomein.net.cn/T1MaCXBgJT1RCvBVdK_30.jpg"],
	"price": 1188,
	"tex": "",
	"shop": "盛仕手机专营店",
	"juan": "券1029-10"
}, {
	"title": "小米(MI)小米CC9e 手机(全网通6GB+64GB)(暗夜王子 官方标配)",
	"bigimg": "https://gfs17.gomein.net.cn/T1itdXB4Wv1RCvBVdK_210.jpg",
	"imglist": ["https://gfs17.gomein.net.cn/T1itdXB4Wv1RCvBVdK_30.jpg", "https://gfs17.gomein.net.cn/T1hRdXB5Cv1RCvBVdK_30.jpg", "https://gfs17.gomein.net.cn/T1oaKXBmAT1RCvBVdK_30.jpg"],
	"price": 1266,
	"tex": "",
	"shop": "盛仕手机专营店",
	"juan": "券1029-10"
}, {
	"title": "小米（MI）小米6X 移动联通电信4G手机 双卡双待 智能手机(曜石黑 全网通6GB+64GB)",
	"bigimg": "https://gfs17.gomein.net.cn/T1zCAgBKYv1RCvBVdK_210.jpg",
	"imglist": ["https://gfs17.gomein.net.cn/T1zCAgBKYv1RCvBVdK_30.jpg", "https://gfs17.gomein.net.cn/T1oTAQB_WT1RCvBVdK_30.jpg", "https://gfs17.gomein.net.cn/T1GCCjByYv1RCvBVdK_30.jpg", "https://gfs17.gomein.net.cn/T1pZZjBTxv1RCvBVdK_30.jpg", "https://gfs17.gomein.net.cn/T1bubjBgLT1RCvBVdK_30.jpg"],
	"price": 958,
	"tex": "\t            \t            【服务】新增超值服务——屏幕保障险，29元起【活动】每天前50名下单客户即送品质耳机【物流】全新国行！质量保障！顺丰配送 免运费【服务】7天无理由退货，每个ID限购一台，详见购买须知\t        ",
	"shop": "利和手机专营店",
	"juan": "券999-5"
}, {
	"title": "小米(MI)红米K20 Pro 手机(全网通 8GB+128GB)(碳纤黑 官方标配)",
	"bigimg": "https://gfs17.gomein.net.cn/T14EJ_BQYg1RCvBVdK_210.jpg",
	"imglist": ["https://gfs17.gomein.net.cn/T14EJ_BQYg1RCvBVdK_30.jpg", "https://gfs17.gomein.net.cn/T1jKDsBybT1RCvBVdK_30.jpg", "https://gfs17.gomein.net.cn/T1TJhsBgDT1RCvBVdK_30.jpg"],
	"price": 2499,
	"tex": "",
	"shop": "盛仕手机专营店",
	"juan": "券1029-10"
}, {
	"title": "小米(MI)小米CC9e 手机(暗夜王子 官方标配)",
	"bigimg": "https://gfs17.gomein.net.cn/T1SydXBCJv1RCvBVdK_210.jpg",
	"imglist": ["https://img.gomein.net.cn/images/grey.gif", "https://img.gomein.net.cn/images/grey.gif", "https://img.gomein.net.cn/images/grey.gif"],
	"price": 1188,
	"tex": "",
	"shop": "盛仕手机专营店",
	"juan": "券1029-10"
}, {
	"title": "小米（MI） 红米4X 移动4G  双卡双待 安卓智能游戏拍照手机(金色 官方标配)",
	"bigimg": "https://gfs17.gomein.net.cn/T1j9JvB4bb1RCvBVdK_210.jpg",
	"imglist": ["https://img.gomein.net.cn/images/grey.gif"],
	"price": 648,
	"tex": "",
	"shop": "仕伟手机专营店",
	"juan": null
}, {
	"title": "小米（MI）小米5S 安卓智能手机 移动电信联通全网通4G(4GRAM+128GROM)(金色 官方标配)",
	"bigimg": "https://gfs17.gomein.net.cn/T1I0DbB7Cv1RCvBVdK_210.jpg",
	"imglist": ["https://img.gomein.net.cn/images/grey.gif"],
	"price": 1078,
	"tex": "\t            \t            JY店铺优惠！\t        ",
	"shop": "仕伟手机专营店",
	"juan": null
}, {
	"title": "小米（MI）小米8SE 全网通4G手机 全 面屏游戏手机 双卡双待(全网通6GB+64GB)(深灰 官方标配)",
	"bigimg": "https://gfs17.gomein.net.cn/T1lYLjBsd_1RCvBVdK_210.jpg",
	"imglist": ["https://img.gomein.net.cn/images/grey.gif", "https://img.gomein.net.cn/images/grey.gif", "https://img.gomein.net.cn/images/grey.gif"],
	"price": 1279,
	"tex": "\t            \t            【物流】全新国行！质量保障！购买前请咨询具体颜色和内存是否有库存！！！！！！【服务】每个ID限购一台，详见买前须知\t        ",
	"shop": "盛仕手机专营店",
	"juan": "券1029-10"
}, {
	"title": "小米8屏幕指纹版 全网通4G手机(黑色 6GB+128GB)",
	"bigimg": "https://img.gomein.net.cn/images/grey.gif",
	"imglist": ["https://img.gomein.net.cn/images/grey.gif", "https://img.gomein.net.cn/images/grey.gif"],
	"price": 1868.00,
	"tex": "\t            \t            【活动】注意！店铺每日前3名下单 送10000毫安充电宝更多优惠点击进入【物流】新品现货！质量保障！ 顺丰配送 免运费【活动】下单即送品质耳机手机支架【服务】详见购买须知！\t        ",
	"shop": "优机库手机专营店",
	"juan": null
}, {
	"title": "小米(MI) 小米CC9 手机(全网通6GB+128GB)(暗夜王子)",
	"bigimg": "https://img.gomein.net.cn/images/grey.gif",
	"imglist": ["https://img.gomein.net.cn/images/grey.gif", "https://img.gomein.net.cn/images/grey.gif", "https://img.gomein.net.cn/images/grey.gif"],
	"price": 1769.00,
	"tex": "",
	"shop": "盛仕手机专营店",
	"juan": null
}, {
	"title": "小米9 xiaomi新品三摄 骁龙855 全网通4G 双卡双待 游戏智能手机 小米 9(8GB+128GB）(幻彩紫 官方标配)",
	"bigimg": "https://img.gomein.net.cn/images/grey.gif",
	"imglist": ["https://img.gomein.net.cn/images/grey.gif", "https://img.gomein.net.cn/images/grey.gif", "https://img.gomein.net.cn/images/grey.gif"],
	"price": 2755.00,
	"tex": "\t            \t            【物流】全新国行！质量保障！购买前请咨询具体颜色和内存是否有库存！！！！！！【服务】每个ID限购一台，详见买前须知\t        ",
	"shop": "盛仕手机专营店",
	"juan": null
}, {
	"title": "小米（MI）小米Note3手机 游戏动漫 人脸解锁 智能美颜 双卡双待 移动联通电信全网通4G(亮黑色 官方标配)",
	"bigimg": "https://img.gomein.net.cn/images/grey.gif",
	"imglist": ["https://img.gomein.net.cn/images/grey.gif"],
	"price": 1448.00,
	"tex": "",
	"shop": "仕伟手机专营店",
	"juan": null
}, {
	"title": "小米（MI）小米5X 全网通4G移动联通电信手机 双卡双待 游戏音乐拍照安卓智能手机(玫瑰金 官方标配)",
	"bigimg": "https://img.gomein.net.cn/images/grey.gif",
	"imglist": ["https://img.gomein.net.cn/images/grey.gif", "https://img.gomein.net.cn/images/grey.gif", "https://img.gomein.net.cn/images/grey.gif"],
	"price": 878.00,
	"tex": "",
	"shop": "仕伟手机专营店",
	"juan": null
}, {
	"title": "小米(MI)小米8 屏幕指纹版 全面屏拍照游戏智能手机 移动联通电信4G手机 双卡双待(黑色 全网通6GB+128GB)(黑色 官方标配)",
	"bigimg": "https://img.gomein.net.cn/images/grey.gif",
	"imglist": ["https://img.gomein.net.cn/images/grey.gif"],
	"price": 2326.00,
	"tex": "\t            \t            【物流】全新国行！质量保障！购买前请咨询具体颜色和内存是否有库存！！！！！！【服务】每个ID限购一台，详见买前须知\t        ",
	"shop": "盛仕手机专营店",
	"juan": null
}, {
	"title": "小米（MI） 红米5 全面屏手机 移动联通电信全网通4G手机 双卡双待 安卓智能游戏手机(金色 官方标配)",
	"bigimg": "https://img.gomein.net.cn/images/grey.gif",
	"imglist": ["https://img.gomein.net.cn/images/grey.gif"],
	"price": 696.00,
	"tex": "",
	"shop": "仕伟手机专营店",
	"juan": null
}, {
	"title": "小米（MI）红米5A  移动联通电信全网通4G手机 双卡双待  智能音乐拍照游戏手机(蓝色 官方标配)",
	"bigimg": "https://img.gomein.net.cn/images/grey.gif",
	"imglist": ["https://img.gomein.net.cn/images/grey.gif", "https://img.gomein.net.cn/images/grey.gif", "https://img.gomein.net.cn/images/grey.gif"],
	"price": 596.00,
	"tex": "",
	"shop": "仕伟手机专营店",
	"juan": null
}, {
	"title": "小米（MI）红米Note4 安卓智能手机 全网通4G 移动电信联通 银色 3+64G(银色 官方标配)",
	"bigimg": "https://img.gomein.net.cn/images/grey.gif",
	"imglist": ["https://img.gomein.net.cn/images/grey.gif"],
	"price": 836.00,
	"tex": "\t            \t            JY\t        ",
	"shop": "仕伟手机专营店",
	"juan": null
}, {
	"title": "小米（MI）红米6A 移动联通电信4G手机 双卡双待(全网通 3GB+32GB)(铂银灰 官方标配)",
	"bigimg": "https://img.gomein.net.cn/images/grey.gif",
	"imglist": ["https://img.gomein.net.cn/images/grey.gif", "https://img.gomein.net.cn/images/grey.gif", "https://img.gomein.net.cn/images/grey.gif", "https://img.gomein.net.cn/images/grey.gif"],
	"price": 596.00,
	"tex": "\t            \t            【物流】全新国行！质量保障！购买前请咨询具体颜色和内存是否有库存！！！！！！【服务】每个ID限购一台，详见买前须知\t        ",
	"shop": "盛仕手机专营店",
	"juan": null
}, {
	"title": "小米（MI） 红米2 4.7英寸 电信4G版 双卡双待安卓智能手机 白色 (1GB+8GB) 微信不支持(白色 官方标配)",
	"bigimg": "https://img.gomein.net.cn/images/grey.gif",
	"imglist": ["https://img.gomein.net.cn/images/grey.gif"],
	"price": 448.00,
	"tex": "\t            \t            店铺优惠！ML\t        ",
	"shop": "仕伟手机专营店",
	"juan": null
}, {
	"title": "小米（MI） 红米Redmi 红米note7 小金刚 手机( 全网通 4GB+64GB)(梦幻蓝 官方标配)",
	"bigimg": "https://img.gomein.net.cn/images/grey.gif",
	"imglist": ["https://img.gomein.net.cn/images/grey.gif", "https://img.gomein.net.cn/images/grey.gif", "https://img.gomein.net.cn/images/grey.gif"],
	"price": 1116.00,
	"tex": "\t            \t            【物流】全新国行！质量保障！购买前请咨询具体颜色和内存是否有库存！！！！！！【服务】每个ID限购一台，详见买前须知\t        ",
	"shop": "盛仕手机专营店",
	"juan": null
}, {
	"title": "小米9 xiaomi新品三摄 骁龙855 全网通4G 双卡双待 水滴全面屏智能手机 小米 9 （6GB+128GB）(幻彩紫 官方标配)",
	"bigimg": "https://img.gomein.net.cn/images/grey.gif",
	"imglist": ["https://img.gomein.net.cn/images/grey.gif", "https://img.gomein.net.cn/images/grey.gif", "https://img.gomein.net.cn/images/grey.gif"],
	"price": 2635.00,
	"tex": "\t            \t            【物流】全新国行！质量保障！购买前请咨询具体颜色和内存是否有库存！！！！！！【服务】每个ID限购一台，详见买前须知\t        ",
	"shop": "盛仕手机专营店",
	"juan": null
}, {
	"title": "小米（MI）小米8 全网通4G智能手机 全面屏游戏手机 双卡双待(全网通6GB+128GB)(白色 官方标配)",
	"bigimg": "https://img.gomein.net.cn/images/grey.gif",
	"imglist": ["https://img.gomein.net.cn/images/grey.gif", "https://img.gomein.net.cn/images/grey.gif", "https://img.gomein.net.cn/images/grey.gif", "https://img.gomein.net.cn/images/grey.gif"],
	"price": 1866.00,
	"tex": "\t            \t            【物流】全新国行！质量保障！购买前请咨询具体颜色和内存是否有库存！！！！！！【服务】每个ID限购一台，详见买前须知\t        ",
	"shop": "盛仕手机专营店",
	"juan": null
}, {
	"title": "小米(MI)小米8 屏幕指纹版 全面屏拍照游戏智能手机 移动联通电信4G手机 双卡双待(透明版  8GB+128GB(官方标配)",
	"bigimg": "https://img.gomein.net.cn/images/grey.gif",
	"imglist": ["https://img.gomein.net.cn/images/grey.gif"],
	"price": 2646.00,
	"tex": "\t            \t            【物流】全新国行！质量保障！购买前请咨询具体颜色和内存是否有库存！！！！！！【服务】每个ID限购一台，详见买前须知\t        ",
	"shop": "盛仕手机专营店",
	"juan": null
}, {
	"title": "小米(MI)小米CC9e 手机(暗夜王子 全网通6GB+128GB)",
	"bigimg": "https://img.gomein.net.cn/images/grey.gif",
	"imglist": ["https://img.gomein.net.cn/images/grey.gif", "https://img.gomein.net.cn/images/grey.gif", "https://img.gomein.net.cn/images/grey.gif"],
	"price": 1458.00,
	"tex": "",
	"shop": "利和手机专营店",
	"juan": null
}, {
	"title": "小米(MI) Redmi 红米7A 手机(全网通 3GB+32GB)(晨曦蓝 官方标配)",
	"bigimg": "https://gfs17.gomein.net.cn/T1R6CjBsJv1RCvBVdK_210.jpg",
	"imglist": ["https://gfs17.gomein.net.cn/T1R6CjBsJv1RCvBVdK_30.jpg", "https://gfs17.gomein.net.cn/T1HodbB_Kv1RCvBVdK_30.jpg"],
	"price": 676,
	"tex": "\t            \t            购买前请咨询具体颜色内存是否有库存\t        ",
	"shop": "盛仕手机专营店",
	"juan": "券999-6"
}, {
	"title": "小米（MI） 红米Redmi 红米note7 小金刚 手机( 全网通 3GB+32GB)(梦幻蓝 官方标配)",
	"bigimg": "https://gfs17.gomein.net.cn/T1HkdsB_Lv1RCvBVdK_210.jpg",
	"imglist": ["https://gfs17.gomein.net.cn/T1HkdsB_Lv1RCvBVdK_30.jpg", "https://gfs17.gomein.net.cn/T1erEQB5D_1RCvBVdK_30.jpg"],
	"price": 936,
	"tex": "\t            \t            【物流】全新国行！质量保障！购买前请咨询具体颜色和内存是否有库存！！！！！！【服务】每个ID限购一台，详见买前须知\t        ",
	"shop": "盛仕手机专营店",
	"juan": "券999-6"
}, {
	"title": "小米（MI）小米8青春版 镜面渐变 AI双摄 全面屏拍照游戏智能手机(全网通6GB+128GB)(深空灰 官方标配)",
	"bigimg": "https://gfs17.gomein.net.cn/T1zyJjB7d_1RCvBVdK_210.jpg",
	"imglist": ["https://gfs17.gomein.net.cn/T1zyJjB7d_1RCvBVdK_30.jpg"],
	"price": 1176,
	"tex": "\t            \t            【物流】全新国行！质量保障！购买前请咨询具体颜色和内存是否有库存！！！！！！【服务】每个ID限购一台，详见买前须知\t        ",
	"shop": "盛仕手机专营店",
	"juan": "券1029-10"
}, {
	"title": "小米（MI） 小米MIX3 滑盖游戏手机 黑色 全网通8GB+256GB(黑色 官方标配)",
	"bigimg": "https://gfs17.gomein.net.cn/T12ZLbBCC_1RCvBVdK_210.jpg",
	"imglist": ["https://gfs17.gomein.net.cn/T12ZLbBCC_1RCvBVdK_30.jpg"],
	"price": 3986,
	"tex": "\t            \t            【物流】全新国行！质量保障！购买前请咨询具体颜色和内存是否有库存！！！！！！【服务】每个ID限购一台，详见买前须知\t        ",
	"shop": "盛仕手机专营店",
	"juan": "券1029-10"
},
  {
	"title": "小米（MI）小米5S Plus 全网通4G移动电信联通 安卓智能游戏音乐拍照手机(灰色 官方标配)",
	"bigimg": "https://gfs17.gomein.net.cn/T1ATYsBbdT1RCvBVdK_210.jpg",
	"imglist": ["https://gfs17.gomein.net.cn/T1TrAsB_JT1RCvBVdK_30.jpg", "https://gfs17.gomein.net.cn/T1SqEsB4CT1RCvBVdK_30.jpg", "https://gfs17.gomein.net.cn/T16lWsBKCT1RCvBVdK_30.jpg", "https://gfs17.gomein.net.cn/T1ejLsBvVT1RCvBVdK_30.jpg", "https://gfs17.gomein.net.cn/T1ATYsBbdT1RCvBVdK_30.jpg"],
	"price": "1148.00",
	"tex": "",
	"shop": "仕伟手机专营店",
	"juan": null
}, {
	"title": "小米(MI)红米K20 Pro 手机(全网通 8GB+256GB)(冰川蓝 官方标配)",
	"bigimg": "https://gfs17.gomein.net.cn/T1VvAsB7Cv1RCvBVdK_210.jpg",
	"imglist": ["https://gfs17.gomein.net.cn/T1VvAsB7Cv1RCvBVdK_30.jpg", "https://gfs17.gomein.net.cn/T1NYCgBKdv1RCvBVdK_30.jpg", "https://gfs17.gomein.net.cn/T13FbQBXYv1RCvBVdK_30.jpg"],
	"price": "2906.00",
	"tex": "",
	"shop": "盛仕手机专营店",
	"juan": "券1029-10"
}, {
	"title": "小米Play 流光渐变AI双摄 全网通4G 双卡双待 小水滴全面屏拍照游戏智能手机 小米 play(4GB+64GB)(黑色 官方标配)",
	"bigimg": "https://gfs17.gomein.net.cn/T1jPhjByb_1RCvBVdK_210.jpg",
	"imglist": ["https://gfs17.gomein.net.cn/T1jPhjByb_1RCvBVdK_30.jpg", "https://gfs17.gomein.net.cn/T1kab_BbVv1RCvBVdK_30.jpg", "https://gfs17.gomein.net.cn/T1FUhsBgKT1RCvBVdK_30.jpg"],
	"price": "746.00",
	"tex": "\t            \t            【物流】全新国行！质量保障！购买前请咨询具体颜色和内存是否有库存！！！！！！【服务】每个ID限购一台，详见买前须知\t        ",
	"shop": "盛仕手机专营店",
	"juan": "券999-6"
}, {
	"title": "小米9 xiaomi新品三摄 骁龙855 全网通4G 智能手机(幻彩蓝 官方标配)",
	"bigimg": "https://gfs17.gomein.net.cn/T1u.VjByVg1RCvBVdK_210.jpg",
	"imglist": ["https://gfs17.gomein.net.cn/T1u.VjByVg1RCvBVdK_30.jpg", "https://gfs17.gomein.net.cn/T1RRV_B5V_1RCvBVdK_30.jpg", "https://gfs17.gomein.net.cn/T1jLdQBCW_1RCvBVdK_30.jpg"],
	"price": "2739.00",
	"tex": "\t            \t            【物流】全新国行！质量保障！购买前请咨询具体颜色和内存是否有库存！！！！！！【服务】每个ID限购一台，详见买前须知\t        ",
	"shop": "盛仕手机专营店",
	"juan": "券1029-10"
}, {
	"title": "小米（MI）Max3 6.9英寸巨无霸级屏幕 移动联通电信4G手机 双卡双待 (全网通 4GB+64GB)(梦幻金 官方标配)",
	"bigimg": "https://gfs17.gomein.net.cn/T1Kzx_BTJ_1RCvBVdK_210.jpg",
	"imglist": ["https://gfs17.gomein.net.cn/T1Kzx_BTJ_1RCvBVdK_30.jpg", "https://gfs17.gomein.net.cn/T1sEDjBQWT1RCvBVdK_30.jpg"],
	"price": "1175.00",
	"tex": "\t            \t            【物流】全新国行！质量保障！购买前请咨询具体颜色和内存是否有库存！！！！！！【服务】每个ID限购一台，详见买前须知\t        ",
	"shop": "盛仕手机专营店",
	"juan": "券1029-10"
}, {
	"title": "小米(MI) Redmi 红米7A 手机(晨曦蓝 全网通 2GB+16GB)",
	"bigimg": "https://gfs17.gomein.net.cn/T1fGbsBKWv1RCvBVdK_210.jpg",
	"imglist": ["https://gfs17.gomein.net.cn/T1fGbsBKWv1RCvBVdK_30.jpg", "https://gfs17.gomein.net.cn/T1_PbsBChv1RCvBVdK_30.jpg"],
	"price": "548.00",
	"tex": "\t            \t            【服务】新增超值服务——屏幕保障险，29元起【物流】全新国行！质量保障！顺丰配送 免运费【服务】7天无理由退货，每个ID限购一台，详见购买须知\t        ",
	"shop": "利和手机专营店",
	"juan": "券999-5"
}, {
	"title": "小米 红米1S 移动3G 双卡 4.7英寸可拆卸式电池安卓智能手机(灰色)",
	"bigimg": "https://gfs17.gomein.net.cn/T1tZZQBbC_1RCvBVdK_210.jpg",
	"imglist": ["https://gfs17.gomein.net.cn/T1tZZQBbC_1RCvBVdK_30.jpg"],
	"price": "298.00",
	"tex": "\t            \t            此款为移动3G双卡！\t        ",
	"shop": "仕伟手机专营店",
	"juan": null
}, {
	"title": "小米(MI)小米9SE 水滴全面屏 游戏智能拍照手机(全网通6GB+128GB)(幻彩蓝 官方标配)",
	"bigimg": "https://gfs17.gomein.net.cn/T1WphQBjA_1RCvBVdK_210.jpg",
	"imglist": ["https://gfs17.gomein.net.cn/T1WphQBjA_1RCvBVdK_30.jpg", "https://gfs17.gomein.net.cn/T1Pv_vB4Vb1RCvBVdK_30.jpg", "https://gfs17.gomein.net.cn/T1eEYQBTb_1RCvBVdK_30.jpg"],
	"price": "1759.00",
	"tex": "\t            \t            【物流】全新国行！质量保障！购买前请咨询具体颜色和内存是否有库存！！！！！！【服务】每个ID限购一台，详见买前须知\t        ",
	"shop": "盛仕手机专营店",
	"juan": "券1029-10"
}, {
	"title": "小米（MI） play 手机( 全网通6GB+64GB)(暮光金 官方标配)",
	"bigimg": "https://gfs17.gomein.net.cn/T18lEjBjD_1RCvBVdK_210.jpg",
	"imglist": ["https://gfs17.gomein.net.cn/T18lEjBjD_1RCvBVdK_30.jpg", "https://gfs17.gomein.net.cn/T1ybJQBm_j1RCvBVdK_30.jpg", "https://gfs17.gomein.net.cn/T1lUEjBK__1RCvBVdK_30.jpg"],
	"price": "899.00",
	"tex": "\t            \t            【物流】全新国行！质量保障！购买前请咨询具体颜色和内存是否有库存！！！！！！【服务】每个ID限购一台，详见买前须知\t        ",
	"shop": "盛仕手机专营店",
	"juan": "券999-6"
}, {
	"title": "小米(MI) 小米8SE 全网通4版  全面屏游戏拍照音乐智能手机 移动联通电信4G(金色 官方标配)",
	"bigimg": "https://gfs17.gomein.net.cn/T1FkdXB7ET1RCvBVdK_210.jpg",
	"imglist": ["https://gfs17.gomein.net.cn/T1FkdXB7ET1RCvBVdK_30.jpg"],
	"price": "1496.00",
	"tex": "",
	"shop": "仕伟手机专营店",
	"juan": null
}, {
	"title": "小米(MI) 小米CC9 手机(全网通6GB+64GB)(暗夜王子)",
	"bigimg": "https://gfs17.gomein.net.cn/T1GBdsB4hv1RCvBVdK_210.jpg",
	"imglist": ["https://gfs17.gomein.net.cn/T1GBdsB4hv1RCvBVdK_30.jpg", "https://gfs17.gomein.net.cn/T1_3CsB4hT1RCvBVdK_30.jpg", "https://gfs17.gomein.net.cn/T1XfKsBbWT1RCvBVdK_30.jpg"],
	"price": "1679.00",
	"tex": "",
	"shop": "盛仕手机专营店",
	"juan": "券1029-10"
}, {
	"title": "小米 红米Note7 手机  全网通4G+128G(梦幻蓝 官方标配)",
	"bigimg": "https://gfs17.gomein.net.cn/T11gZsB4E_1RCvBVdK_210.jpg",
	"imglist": ["https://gfs17.gomein.net.cn/T11gZsB4E_1RCvBVdK_30.jpg", "https://gfs17.gomein.net.cn/T1fTYsB4b_1RCvBVdK_30.jpg"],
	"price": "1276.00",
	"tex": "",
	"shop": "盛仕手机专营店",
	"juan": "券1029-10"
}, {
	"title": "小米(MI)红米K20 手机(全网通 6GB+128GB)(火焰红 官方标配)",
	"bigimg": "https://gfs17.gomein.net.cn/T1ZuZsBgdv1RCvBVdK_210.jpg",
	"imglist": ["https://gfs17.gomein.net.cn/T1ZuZsBgdv1RCvBVdK_30.jpg", "https://gfs17.gomein.net.cn/T137ZsBvKv1RCvBVdK_30.jpg", "https://gfs17.gomein.net.cn/T1HfhsB4C_1RCvBVdK_30.jpg"],
	"price": "1806.00",
	"tex": "",
	"shop": "盛仕手机专营店",
	"juan": "券1029-10"
}, {
	"title": "小米Play 流光渐变AI双摄 全网通4G 双卡双待 小水滴全面屏拍照游戏智能手机 全网通6GB+128GB(梦幻蓝 官方标配)",
	"bigimg": "https://gfs17.gomein.net.cn/T1LEhbB_Kv1RCvBVdK_210.jpg",
	"imglist": ["https://gfs17.gomein.net.cn/T1LEhbB_Kv1RCvBVdK_30.jpg", "https://gfs17.gomein.net.cn/T1JELbBXD_1RCvBVdK_30.jpg"],
	"price": "1286.00",
	"tex": "\t            \t            【物流】全新国行！质量保障！购买前请咨询具体颜色和内存是否有库存！！！！！！【服务】每个ID限购一台，详见买前须知\t        ",
	"shop": "盛仕手机专营店",
	"juan": "券1029-10"
}, {
	"title": "小米（MI）小米6X 全网通4G 索尼相机带小爱智能大屏幕 骁龙8核游戏手机 4G+64G(赤焰红 官方标配)",
	"bigimg": "https://gfs17.gomein.net.cn/T16HCsB7dv1RCvBVdK_210.jpg",
	"imglist": ["https://gfs17.gomein.net.cn/T16HCsB7dv1RCvBVdK_30.jpg", "https://gfs17.gomein.net.cn/T14EVgBTb_1RCvBVdK_30.jpg"],
	"price": "1298.00",
	"tex": "",
	"shop": "仕伟手机专营店",
	"juan": null
}, {
	"title": "小米(MI)Redmi 红米Note7 Pro 骁龙675 索尼4800万摄像 全网通版4G移动电信联通 安卓智能手机(暮光金 官方标配)",
	"bigimg": "https://gfs17.gomein.net.cn/T1J3hQBXW_1RCvBVdK_210.jpg",
	"imglist": ["https://gfs17.gomein.net.cn/T1J3hQBXW_1RCvBVdK_30.jpg"],
	"price": "1528.00",
	"tex": "",
	"shop": "仕伟手机专营店",
	"juan": null
}, {
	"title": "小米MIX 移动全网通4G 安卓智能游戏音乐拍照手机 CPU高通骁龙821(陶瓷黑 官方标配)",
	"bigimg": "https://gfs17.gomein.net.cn/T1f3DsBKDT1RCvBVdK_210.jpg",
	"imglist": ["https://gfs17.gomein.net.cn/T1f3DsBKDT1RCvBVdK_30.jpg"],
	"price": "1898.00",
	"tex": "",
	"shop": "仕伟手机专营店",
	"juan": null
}, {
	"title": "小米（MI）小米8青春版 镜面渐变 AI双摄 全面屏拍照游戏智能手机(深空灰 全网通 4GB+64GB)(官方标配)",
	"bigimg": "https://gfs17.gomein.net.cn/T1pKEQBb_v1RCvBVdK_210.jpg",
	"imglist": ["https://gfs17.gomein.net.cn/T1pKEQBb_v1RCvBVdK_30.jpg"],
	"price": "1059.00",
	"tex": "\t            \t            【物流】全新国行！质量保障！购买前请咨询具体颜色和内存是否有库存！！！！！！【服务】每个ID限购一台，详见买前须知\t        ",
	"shop": "盛仕手机专营店",
	"juan": "券1029-10"
}, {
	"title": "小米（MI）红米5 全网通移动电信联通4G 双卡双待 全面屏学生手机大屏骁龙安卓智能手机(香槟金 官方标配)",
	"bigimg": "https://gfs17.gomein.net.cn/T1T0CsBsYv1RCvBVdK_210.jpg",
	"imglist": ["https://gfs17.gomein.net.cn/T1T0CsBsYv1RCvBVdK_30.jpg"],
	"price": "696.00",
	"tex": "",
	"shop": "仕伟手机专营店",
	"juan": null
}, {
	"title": "小米 红米7 手机  全网通 3G+32G(魅夜红 官方标配)",
	"bigimg": "https://gfs17.gomein.net.cn/T1vhKgBv__1RCvBVdK_210.jpg",
	"imglist": ["https://gfs17.gomein.net.cn/T1vhKgBv__1RCvBVdK_30.jpg", "https://gfs17.gomein.net.cn/T18_LQB5h_1RCvBVdK_30.jpg", "https://gfs17.gomein.net.cn/T1.DLjByZg1RCvBVdK_30.jpg"],
	"price": "706.00",
	"tex": "\t            \t            【物流】全新国行！质量保障！购买前请咨询具体颜色和内存是否有库存！！！！！！【服务】每个ID限购一台，详见买前须知\t        ",
	"shop": "盛仕手机专营店",
	"juan": "券999-6"
}, {
	"title": "小米（Mi） 红米 Note5 双4G移动联通 安卓智能音乐拍照手机 双卡双待(金色 官方标配)",
	"bigimg": "https://gfs17.gomein.net.cn/T1G9WsBvZT1RCvBVdK_210.jpg",
	"imglist": ["https://gfs17.gomein.net.cn/T1G9WsBvZT1RCvBVdK_30.jpg"],
	"price": "1098.00",
	"tex": "",
	"shop": "仕伟手机专营店",
	"juan": null
}, {
	"title": "小米（MI）红米K20手机(蓝色 8GB+256GB)",
	"bigimg": "https://gfs17.gomein.net.cn/T1OQhsByL_1RCvBVdK_210.jpg",
	"imglist": ["https://gfs17.gomein.net.cn/T1OQhsByL_1RCvBVdK_30.jpg", "https://gfs17.gomein.net.cn/T1pPVsB_Dv1RCvBVdK_30.jpg", "https://gfs17.gomein.net.cn/T1yPAsBXW_1RCvBVdK_30.jpg"],
	"price": "2355.00",
	"tex": "",
	"shop": "优机库手机专营店",
	"juan": "券2000-30"
}, {
	"title": "小米（MI） 红米Redmi 红米note7 小金刚 手机( 全网通6GB+64GB)(暮光金 官方标配)",
	"bigimg": "https://gfs17.gomein.net.cn/T1lYYbBvJv1RCvBVdK_210.jpg",
	"imglist": ["https://gfs17.gomein.net.cn/T1lYYbBvJv1RCvBVdK_30.jpg", "https://gfs17.gomein.net.cn/T1hC_sBXVv1RCvBVdK_30.jpg", "https://gfs17.gomein.net.cn/T1Ood_Byd_1RCvBVdK_30.jpg"],
	"price": "1116.00",
	"tex": "\t            \t            【物流】全新国行！质量保障！购买前请咨询具体颜色和内存是否有库存！！！！！！【服务】每个ID限购一台，详见买前须知\t        ",
	"shop": "盛仕手机专营店",
	"juan": "券1029-10"
}, {
	"title": "小米(MI)红米K20 Pro 手机(全网通 6GB+64GB)(碳纤黑 官方标配)",
	"bigimg": "https://gfs17.gomein.net.cn/T1zgdvBvbQ1RCvBVdK_210.jpg",
	"imglist": ["https://gfs17.gomein.net.cn/T1zgdvBvbQ1RCvBVdK_30.jpg", "https://gfs17.gomein.net.cn/T1gvVsBg_v1RCvBVdK_30.jpg", "https://gfs17.gomein.net.cn/T1QILsBsJT1RCvBVdK_30.jpg"],
	"price": "2126.00",
	"tex": "",
	"shop": "盛仕手机专营店",
	"juan": "券1029-10"
}, {
	"title": "小米 5C 移动4G 双卡双待安卓智能手机 3+64G 黑色 拍照手机 快充手机(黑色 官方标配)",
	"bigimg": "https://gfs17.gomein.net.cn/T1Q1_jB4Y_1RCvBVdK_210.jpg",
	"imglist": ["https://gfs17.gomein.net.cn/T1Q1_jB4Y_1RCvBVdK_30.jpg"],
	"price": "798.00",
	"tex": "\t            \t            店铺优惠！ML\t        ",
	"shop": "仕伟手机专营店",
	"juan": null
}, {
	"title": "小米（MI） 小米MIX3 滑盖游戏手机 黑色 全网通6GB+128GB(黑色 官方标配)",
	"bigimg": "https://gfs17.gomein.net.cn/T1w5JjBXhv1RCvBVdK_210.jpg",
	"imglist": ["https://gfs17.gomein.net.cn/T1w5JjBXhv1RCvBVdK_30.jpg"],
	"price": "2299.00",
	"tex": "\t            \t            【物流】全新国行！质量保障！购买前请咨询具体颜色和内存是否有库存！！！！！！【服务】每个ID限购一台，详见买前须知\t        ",
	"shop": "盛仕手机专营店",
	"juan": "券1029-10"
}, {
	"title": "小米(MI) 红米4A  全网通移动联通电信4G 安卓智能游戏手机(官方标配)",
	"bigimg": "https://gfs17.gomein.net.cn/T188_bB5W_1RCvBVdK_210.jpg",
	"imglist": ["https://gfs17.gomein.net.cn/T188_bB5W_1RCvBVdK_30.jpg"],
	"price": "598.00",
	"tex": "",
	"shop": "仕伟手机专营店",
	"juan": null
}, {
	"title": "小米(MI) 红米Redmi 7 AI双摄 水滴全面屏智能手机(魅夜红 全网通 3GB+32GB)",
	"bigimg": "https://gfs17.gomein.net.cn/T1oCJQByKg1RCvBVdK_210.jpg",
	"imglist": ["https://gfs17.gomein.net.cn/T1oCJQByKg1RCvBVdK_30.jpg", "https://gfs17.gomein.net.cn/T1ezEQBsb_1RCvBVdK_30.jpg", "https://gfs17.gomein.net.cn/T1cWEjB7_g1RCvBVdK_30.jpg"],
	"price": "718.00",
	"tex": "\t            \t            【服务】新增超值服务——屏幕保障险，29元起【物流】全新国行！质量保障！顺丰配送 免运费【服务】7天无理由退货，每个ID限购一台，详见购买须知\t        ",
	"shop": "利和手机专营店",
	"juan": "券999-5"
}, {
	"title": "小米（MI）红米6A 移动联通电信4G手机 双卡双待(全网通 2GB+16GB)(铂银灰 官方标配)",
	"bigimg": "https://gfs17.gomein.net.cn/T1LPxgB5L_1RCvBVdK_210.jpg",
	"imglist": ["https://gfs17.gomein.net.cn/T1LPxgB5L_1RCvBVdK_30.jpg", "https://gfs17.gomein.net.cn/T13wYjBCLv1RCvBVdK_30.jpg", "https://gfs17.gomein.net.cn/T1RL_jB7__1RCvBVdK_30.jpg", "https://gfs17.gomein.net.cn/T1_8bbBvKv1RCvBVdK_30.jpg"],
	"price": "536.00",
	"tex": "\t            \t            【物流】全新国行！质量保障！购买前请咨询具体颜色和内存是否有库存！！！！！！【服务】每个ID限购一台，详见买前须知\t        ",
	"shop": "盛仕手机专营店",
	"juan": "券999-6"
}, {
	"title": "小米（MI） 红米6A 移动联通电信4G全网通 双卡双待 全面屏智能老年手机(流沙金 官方标配)",
	"bigimg": "https://gfs17.gomein.net.cn/T1odhsB4bv1RCvBVdK_210.jpg",
	"imglist": ["https://gfs17.gomein.net.cn/T1odhsB4bv1RCvBVdK_30.jpg"],
	"price": "624.00",
	"tex": "",
	"shop": "仕伟手机专营店",
	"juan": null
}, {
	"title": "小米(MI)红米K20 手机(全网通 6GB+64GB)(冰川蓝 官方标配)",
	"bigimg": "https://gfs17.gomein.net.cn/T1nuZsBXK_1RCvBVdK_210.jpg",
	"imglist": ["https://gfs17.gomein.net.cn/T1nuZsBXK_1RCvBVdK_30.jpg", "https://gfs17.gomein.net.cn/T1BTWsBXK_1RCvBVdK_30.jpg", "https://gfs17.gomein.net.cn/T1_fYsBT_T1RCvBVdK_30.jpg"],
	"price": "1699.00",
	"tex": "",
	"shop": "盛仕手机专营店",
	"juan": "券1029-10"
}, {
	"title": "小米（MI）小米8 全网通4G智能手机 全面屏游戏手机 双卡双待(6GB+64GB)(金色 官方标配)",
	"bigimg": "https://gfs17.gomein.net.cn/T1BADgBXZ_1RCvBVdK_210.jpg",
	"imglist": ["https://gfs17.gomein.net.cn/T1BADgBXZ_1RCvBVdK_30.jpg", "https://gfs17.gomein.net.cn/T13UZ_BTD_1RCvBVdK_30.jpg", "https://gfs17.gomein.net.cn/T1LKCgBjxv1RCvBVdK_30.jpg", "https://gfs17.gomein.net.cn/T1RrxgBgAv1RCvBVdK_30.jpg"],
	"price": "2299.00",
	"tex": "\t            \t            【物流】全新国行！质量保障！购买前请咨询具体颜色和内存是否有库存！！！！！！【服务】每个ID限购一台，详见买前须知\t        ",
	"shop": "盛仕手机专营店",
	"juan": "券1029-10"
}, {
	"title": "小米(MI) Redmi 红米7A 手机(全网通 2GB+32GB) 智能手机(晨曦蓝 官方标配)",
	"bigimg": "https://gfs17.gomein.net.cn/T1suxsBXh_1RCvBVdK_210.jpg",
	"imglist": ["https://gfs17.gomein.net.cn/T1suxsBXh_1RCvBVdK_30.jpg", "https://gfs17.gomein.net.cn/T1TXKbBb_T1RCvBVdK_30.jpg"],
	"price": "546.00",
	"tex": "",
	"shop": "盛仕手机专营店",
	"juan": "券999-6"
}, {
	"title": "小米（MI） play 手机( 全网通6GB+128GB)(黑色 官方标配)",
	"bigimg": "https://gfs17.gomein.net.cn/T1aVWQBsZ_1RCvBVdK_210.jpg",
	"imglist": ["https://gfs17.gomein.net.cn/T1aVWQBsZ_1RCvBVdK_30.jpg", "https://gfs17.gomein.net.cn/T1MYCjBjbg1RCvBVdK_30.jpg", "https://gfs17.gomein.net.cn/T1bcWjBCdg1RCvBVdK_30.jpg"],
	"price": "1109.00",
	"tex": "\t            \t            【物流】全新国行！质量保障！购买前请咨询具体颜色和内存是否有库存！！！！！！【服务】每个ID限购一台，详见买前须知\t        ",
	"shop": "盛仕手机专营店",
	"juan": "券1029-10"
}, {
	"title": "小米（MI）小米8SE 全网通4G手机 全 面屏游戏手机 双卡双待(亮蓝 全网通 4GB+64GB)(亮蓝 官方标配)",
	"bigimg": "https://gfs17.gomein.net.cn/T1.eDbB4x_1RCvBVdK_210.jpg",
	"imglist": ["https://gfs17.gomein.net.cn/T1.eDbB4x_1RCvBVdK_30.jpg"],
	"price": "1899.00",
	"tex": "\t            \t            【物流】全新国行！质量保障！购买前请咨询具体颜色和内存是否有库存！！！！！！【服务】每个ID限购一台，详见买前须知\t        ",
	"shop": "盛仕手机专营店",
	"juan": "券1029-10"
}, {
	"title": "小米 红米6A 全网通版4G手机 双卡双待(巴厘蓝 2GB+16GB)",
	"bigimg": "https://gfs17.gomein.net.cn/T1mbhbB7ET1RCvBVdK_210.jpg",
	"imglist": ["https://gfs17.gomein.net.cn/T1mbhbB7ET1RCvBVdK_30.jpg", "https://gfs17.gomein.net.cn/T1T2ZQB_DT1RCvBVdK_30.jpg", "https://gfs17.gomein.net.cn/T1CpCjB5dv1RCvBVdK_30.jpg", "https://gfs17.gomein.net.cn/T1_EZjBj_T1RCvBVdK_30.jpg"],
	"price": "539.00",
	"tex": "\t            \t            【活动】注意！店铺每日前3名下单 送10000毫安充电宝更多优惠点击进入【物流】新品现货！质量保障！ 顺丰配送 免运费【活动】下单即送品质耳机手机支架【服务】详见购买须知！\t        ",
	"shop": "优机库手机专营店",
	"juan": "券1099-10"
}, {
	"title": "小米（MI） 红米6 安卓智能 移动电信联通全网通4G 拍照手机 3GB+32GB(樱花粉 官方标配)",
	"bigimg": "https://gfs17.gomein.net.cn/T1kGdQB4__1RCvBVdK_210.jpg",
	"imglist": ["https://gfs17.gomein.net.cn/T1kGdQB4__1RCvBVdK_30.jpg", "https://gfs17.gomein.net.cn/T1tFhsB5hv1RCvBVdK_30.jpg", "https://gfs17.gomein.net.cn/T1XCYbBgKv1RCvBVdK_30.jpg"],
	"price": "784.00",
	"tex": "",
	"shop": "仕伟手机专营店",
	"juan": null
}, {
	"title": "小米(MI) Redmi 红米7A 手机(全网通 2GB+32GB)(磨砂黑 官方标配)",
	"bigimg": "https://gfs17.gomein.net.cn/T1AL_sBbYT1RCvBVdK_210.jpg",
	"imglist": ["https://gfs17.gomein.net.cn/T1AL_sBbYT1RCvBVdK_30.jpg", "https://gfs17.gomein.net.cn/T1K0ZsBKWv1RCvBVdK_30.jpg"],
	"price": "546.00",
	"tex": "",
	"shop": "盛仕手机专营店",
	"juan": "券999-6"
}, {
	"title": "小米（MI）小米8SE 全网通4G手机 全 面屏游戏手机 双卡双待(全网通6GB+128GB)(深灰 官方标配)",
	"bigimg": "https://gfs17.gomein.net.cn/T1OuCgB_Vv1RCvBVdK_210.jpg",
	"imglist": ["https://gfs17.gomein.net.cn/T1OuCgB_Vv1RCvBVdK_30.jpg", "https://gfs17.gomein.net.cn/T1zPWjBbbT1RCvBVdK_30.jpg"],
	"price": "1899.00",
	"tex": "\t            \t            【物流】全新国行！质量保障！购买前请咨询具体颜色和内存是否有库存！！！！！！【服务】每个ID限购一台，详见买前须知\t        ",
	"shop": "盛仕手机专营店",
	"juan": "券1029-10"
}, {
	"title": "小米(MI)红米K20 手机(全网通 8GB+256GB)(火焰红 官方标配)",
	"bigimg": "https://gfs17.gomein.net.cn/T1uGAsBCK_1RCvBVdK_210.jpg",
	"imglist": ["https://gfs17.gomein.net.cn/T1uGAsBCK_1RCvBVdK_30.jpg", "https://gfs17.gomein.net.cn/T1LSJsByd_1RCvBVdK_30.jpg", "https://gfs17.gomein.net.cn/T17idsByxv1RCvBVdK_30.jpg"],
	"price": "2299.00",
	"tex": "",
	"shop": "盛仕手机专营店",
	"juan": "券1029-10"
}, {
	"title": "小米（MI） 小米Max3 全网通4G手机(曜石黑 4GB+64GB)",
	"bigimg": "https://gfs17.gomein.net.cn/T1IzL_B4Zv1RCvBVdK_210.jpg",
	"imglist": ["https://gfs17.gomein.net.cn/T1IzL_B4Zv1RCvBVdK_30.jpg", "https://gfs17.gomein.net.cn/T128C_B5dv1RCvBVdK_30.jpg", "https://gfs17.gomein.net.cn/T1XvA_BKKv1RCvBVdK_30.jpg"],
	"price": "1255.00",
	"tex": "\t            \t            【活动】注意！店铺每日前3名下单 送10000毫安充电宝更多优惠点击进入【物流】新品现货！质量保障！ 顺丰配送 免运费【活动】下单即送品质耳机手机支架【服务】详见购买须知！\t        ",
	"shop": "优机库手机专营店",
	"juan": "券1099-10"
}, {
	"title": "小米Play 流光渐变AI双摄 全网通4G 双卡双待 小水滴全面屏拍照游戏智能手机 小米 play 4GB+64GB(暮光金 官方标配)",
	"bigimg": "https://gfs17.gomein.net.cn/T1UlxbBbxv1RCvBVdK_210.jpg",
	"imglist": ["https://gfs17.gomein.net.cn/T1UlxbBbxv1RCvBVdK_30.jpg", "https://gfs17.gomein.net.cn/T1cddjBKVv1RCvBVdK_30.jpg", "https://gfs17.gomein.net.cn/T1UoAQB5D_1RCvBVdK_30.jpg"],
	"price": "746.00",
	"tex": "\t            \t            【物流】全新国行！质量保障！购买前请咨询具体颜色和内存是否有库存！！！！！！【服务】每个ID限购一台，详见买前须知\t        ",
	"shop": "盛仕手机专营店",
	"juan": "券999-6"
}, {
	"title": "小米(MI) Redmi 红米7A 手机(全网通 2GB+16GB)(晨曦蓝 官方标配)",
	"bigimg": "https://gfs17.gomein.net.cn/T1EDLsByd_1RCvBVdK_210.jpg",
	"imglist": ["https://gfs17.gomein.net.cn/T1EDLsByd_1RCvBVdK_30.jpg", "https://gfs17.gomein.net.cn/T1.y_sBQLb1RCvBVdK_30.jpg"],
	"price": "546.00",
	"tex": "",
	"shop": "盛仕手机专营店",
	"juan": "券999-6"
}, {
	"title": "Xiaomi/小米 红米1S 电信3G版 黑色 微信比较卡 安卓智能手机 备用手机 1+8G(黑色 官方标配)",
	"bigimg": "https://gfs17.gomein.net.cn/T19PdbB_bv1RCvBVdK_210.jpg",
	"imglist": ["https://gfs17.gomein.net.cn/T19PdbB_bv1RCvBVdK_30.jpg"],
	"price": "398.00",
	"tex": "\t            \t            此款为移动3G双卡！\t        ",
	"shop": "仕伟手机专营店",
	"juan": null
}, {
	"title": "Xiaomi/小米 红米 S2  安卓智能手机 全网通4G 移动电信联通 拍照快充手机 4G+32G(铂银灰 官方标配)",
	"bigimg": "https://gfs17.gomein.net.cn/T1xDDQBsJv1RCvBVdK_210.jpg",
	"imglist": ["https://gfs17.gomein.net.cn/T1xDDQBsJv1RCvBVdK_30.jpg", "https://gfs17.gomein.net.cn/T1jCEsB4Lv1RCvBVdK_30.jpg"],
	"price": "982.00",
	"tex": "",
	"shop": "仕伟手机专营店",
	"juan": null
}, {
	"title": "小米（MI）红米6Pro 流海屏手机 移动联通电信4G手机 双卡双待(全网通 4GB+64GB)(黑色 官方标配)",
	"bigimg": "https://gfs17.gomein.net.cn/T1uaY_BCh_1RCvBVdK_210.jpg",
	"imglist": ["https://gfs17.gomein.net.cn/T1uaY_BCh_1RCvBVdK_30.jpg", "https://gfs17.gomein.net.cn/T1fchgB5C_1RCvBVdK_30.jpg", "https://gfs17.gomein.net.cn/T1clJbBKdv1RCvBVdK_30.jpg"],
	"price": "1066.00",
	"tex": "\t            \t            【物流】全新国行！质量保障！购买前请咨询具体颜色和内存是否有库存！！！！！！【服务】每个ID限购一台，详见买前须知\t        ",
	"shop": "盛仕手机专营店",
	"juan": "券1029-10"
}, {
	"title": "小米(MI)红米 K20 手机(全网通 6GB+64GB)(冰川蓝 官方标配)",
	"bigimg": "https://gfs17.gomein.net.cn/T1zLEsB4xv1RCvBVdK_210.jpg",
	"imglist": ["https://gfs17.gomein.net.cn/T1zLEsB4xv1RCvBVdK_30.jpg", "https://gfs17.gomein.net.cn/T1CfDsB5dT1RCvBVdK_30.jpg", "https://gfs17.gomein.net.cn/T15ixsBTYv1RCvBVdK_30.jpg"],
	"price": "1699.00",
	"tex": "",
	"shop": "盛仕手机专营店",
	"juan": "券1029-10"
}, {
	"title": "小米MI Redmi Note7 幻彩渐变AI双摄 4GB+128GB  梦幻蓝  全网通 双卡双待",
	"bigimg": "https://gfs17.gomein.net.cn/T1KgJsB_Av1RCvBVdK_210.jpg",
	"imglist": ["https://gfs17.gomein.net.cn/T1KgJsB_Av1RCvBVdK_30.jpg", "https://gfs17.gomein.net.cn/T1ydWQBbKT1RCvBVdK_30.jpg", "https://gfs17.gomein.net.cn/T1fidsB5Vv1RCvBVdK_30.jpg"],
	"price": "1199.00",
	"tex": "\t            \t            4800万拍照千元机，品质小金刚，满血骁龙660处理器，4000mAh大电量！    【指定型号领券立减300元】   查看规则 \t        ",
	"shop": "小米官方旗舰店",
	"juan": null
 }
 ]